TR:BT20:CellLine,TR:EGF,TR:FGF1,TR:HGF,TR:IGF1,TR:INSULIN,TR:NRG1,TR:SERUM,TR:AKT_pT308i,TR:MEK1_pS217_S221i,DA:ALL,DV:4EBP1_pS65,DV:AKT_pS473,DV:AKT_pT308,DV:BAD_pS112,DV:c-JUN_pS73,DV:c-Met_pY1235,DV:c-Raf_pS338,DV:EGFR_pY992,DV:ER-alpha_pS118,DV:GSK3-alpha-beta_pS21_S9,DV:GSK3-alpha-beta_pS9,DV:HER2_pY1248,DV:HER3_pY1298,DV:JNK_pT183_pT185,DV:MAPK_pT202_Y204,DV:MEK1_pS217_S221,DV:mTOR_pS2448,DV:p70S6K_pT389,DV:p90RSK_pT359_S363,DV:PKC-alpha_pS657,DV:Rb_pS807_S811,DV:Src_pY416,DV:STAT3_pY705,DA:4EBP1_pS65,DA:AKT_pS473,DA:AKT_pT308,DA:BAD_pS112,DA:c-JUN_pS73,DA:c-Met_pY1235,DA:c-Raf_pS338,DA:EGFR_pY992,DA:ER-alpha_pS118,DA:GSK3-alpha-beta_pS21_S9,DA:GSK3-alpha-beta_pS9,DA:HER2_pY1248,DA:HER3_pY1298,DA:JNK_pT183_pT185,DA:MAPK_pT202_Y204,DA:MEK1_pS217_S221,DA:mTOR_pS2448,DA:p70S6K_pT389,DA:p90RSK_pT359_S363,DA:PKC-alpha_pS657,DA:Rb_pS807_S811,DA:Src_pY416,DA:STAT3_pY705
1,0,0,0,0,0,0,0,0,0,0,0.7169526824,0.177810831,0.0497982197,0.4684145016,0.759975538,1.4081611093,0.7743900968,1.1091699396,0.0279490908,0.3377923844,0.2239703758,0.8783109846,0.8621809901,0.2780441089,1.1523580292,0.6343904552,2.3737146512,0.7021868942,0.4042108176,0.9094144844,0.627340556,0.511336827,0.1669777808,0,0,0,0,0,0,0,0,0,0,0,0,0,0,0,0,0,0,0,0,0,0,0
1,0,0,0,0,0,0,0,0,0,5,0.6844643313,0.4091270205,0.0689295641,1.8741137336,0.6317737225,1.1927879595,1.3014148586,0.8637459132,0.8620848011,0.1192326885,3.0039611048,1.2615181556,0.3559087587,0.6115032797,1.2389040127,0.212343068,0.3648623103,0.7263708666,0.2645974312,0.1799821251,0.7345917458,0.6969372778,1.2576537519,5,5,5,5,5,5,5,5,5,5,5,5,5,5,5,5,5,5,5,5,5,5,5
1,0,0,0,0,0,0,0,0,0,15,1.8742252949,0.619795439,2.0718269066,0.7823101512,0.8441514051,0.2821104045,0.1913706527,0.2522371968,0.0749133386,0.5956397511,0.7957640121,0.0527229612,0.681757882,0.0751454167,0.2243098633,0.7451048689,0.4492724912,0.366156813,0.6503735309,0.0088391979,0.1209677403,0.0020786173,0.5287378858,15,15,15,15,15,15,15,15,15,15,15,15,15,15,15,15,15,15,15,15,15,15,15
1,0,0,0,0,0,0,0,0,0,30,0.9910552086,1.1792078956,0.4556694741,0.193949605,0.6284491943,1.4012707672,1.0448656253,0.7902017551,1.4325730419,0.0018877595,0.4491100787,0.2861355488,0.4626769393,0.0843459565,0.5502902159,0.6374305782,0.5094228468,0.4055986579,0.3572232027,0.3684915694,0.7082253647,0.6985021977,0.7618913074,30,30,30,30,30,30,30,30,30,30,30,30,30,30,30,30,30,30,30,30,30,30,30
1,0,0,0,0,0,0,0,0,0,60,0.8314975694,0.2428342817,0.1334106117,0.0188182264,0.8852609691,0.1415005177,0.8567644461,0.9723235616,1.2317981718,0.4858461052,0.3296054799,0.5113784149,0.8706492082,0.8314632598,0.071564386,0.1282153225,0.6662417148,0.9819691399,1.0741468662,0.1429079473,0.8762989171,0.0962709245,0.7638888974,60,60,60,60,60,60,60,60,60,60,60,60,60,60,60,60,60,60,60,60,60,60,60
1,0,0,0,0,0,0,0,0,0,120,0.1292586852,0.850555721,0.6592746027,0.1930880097,0.7985281145,0.0574243483,0.564116481,0.4382764821,1.7139922292,0.7277051087,2.1215376784,0.1822212615,0.4657087799,0.0891119859,0.4578902632,0.9502657479,1.2072272619,0.207236307,0.122977798,0.2222652749,0.6225412475,0.9926538797,0.3865439524,120,120,120,120,120,120,120,120,120,120,120,120,120,120,120,120,120,120,120,120,120,120,120
1,0,0,0,0,0,0,0,0,0,240,0.1147223721,0.3213522856,0.4964485101,1.5111897958,0.346244643,1.3099564469,1.2357204413,0.198593344,1.0591828164,0.5819001209,0.3079026294,0.6383843059,1.1409593337,0.9047565642,0.2247571025,1.1858083952,0.4003520234,0.2159944023,1.5528804181,0.4309495051,1.5739802933,0.2844129613,0.8635696817,240,240,240,240,240,240,240,240,240,240,240,240,240,240,240,240,240,240,240,240,240,240,240
1,0,0,0,0,1,0,0,1,0,0,0.1235216156,0.3741850956,1.3826554861,1.176952125,0.1334793236,0.1365730455,1.7781125878,0.0168389394,1.6564146514,0.9334268212,1.8330150129,0.2527983378,0.5670221935,0.1816800796,1.1997138431,0.8838573518,0.3481786477,0.8023799733,0.443830576,0.3980114262,0.2049200064,0.2223033574,0.6999012071,0,0,0,0,0,0,0,0,0,0,0,0,0,0,0,0,0,0,0,0,0,0,0
1,0,0,0,0,1,0,0,1,0,5,0.373767402,0.4689325768,0.34286148,0.9566883963,1.8133515838,1.2152645831,0.441697927,1.0895857832,0.9321117236,0.8780333396,1.0002629468,1.656419457,0.2776841829,0.9005913346,1.0271437657,0.3984679244,0.4877378213,0.1603890951,0.6572126831,1.238161532,0.3321143411,0.0928649025,0.3589655756,5,5,5,5,5,5,5,5,5,5,5,5,5,5,5,5,5,5,5,5,5,5,5
1,0,0,0,0,1,0,0,1,0,15,0.4799396601,0.2545274941,0.5408728677,0.3038015265,0.2861578168,1.410965501,0.9411913253,0.6988266684,0.9262304028,0.141318261,0.2460446317,0.1696254391,0.3762628842,0.3616500844,0.7544186544,0.7290944443,0.8971331007,0.9285222115,0.7647173812,0.2160665994,0.5392631439,0.6949083219,0.1638221705,15,15,15,15,15,15,15,15,15,15,15,15,15,15,15,15,15,15,15,15,15,15,15
1,0,0,0,0,1,0,0,1,0,30,1.5521434238,0.3181013877,0.6955319201,0.9425742276,0.6779655617,0.1107494249,1.1437783614,0.7914386986,1.612304223,1.4913200639,1.3633324811,0.6247596469,2.4258111188,0.7369790906,0.0476873575,0.2583931325,1.5980732096,1.3230864384,1.7787967701,0.1434758763,0.3310753266,2.0741485098,0.7350715129,30,30,30,30,30,30,30,30,30,30,30,30,30,30,30,30,30,30,30,30,30,30,30
1,0,0,0,0,1,0,0,1,0,60,0.9728954772,1.3306000293,0.6094331904,1.7024487456,0.5658375516,1.2745967201,0.5374677961,0.2998217418,0.1678367356,0.311625129,0.1549645163,1.1117652058,2.3927404993,0.5807228116,0.022905197,0.9981945026,0.0136843789,0.9906043332,0.0229124633,0.2195969761,0.2457289556,0.2944995601,0.3599014956,60,60,60,60,60,60,60,60,60,60,60,60,60,60,60,60,60,60,60,60,60,60,60
1,0,0,0,0,1,0,0,1,0,120,0.6709385648,0.7896753092,0.2982010466,0.8039622383,1.0250806947,0.2351859905,0.2551729262,1.1950339165,1.6061828775,0.786914746,0.2507961701,0.3340876851,0.6337423487,0.5461642553,0.0922696026,0.1159807481,0.2636659306,0.5425441257,1.2043279462,1.3733638511,0.6891926875,0.2834232877,0.6369034755,120,120,120,120,120,120,120,120,120,120,120,120,120,120,120,120,120,120,120,120,120,120,120
1,0,0,0,0,1,0,0,1,0,240,0.4408382248,0.9686154071,0.1528693563,0.256347858,0.9864124994,0.8782591837,1.220156438,2.8555045701,1.4805783114,0.5335604486,0.0041442953,1.0488286512,0.0039952787,0.857894591,1.8354516483,0.5441860734,0.0865932757,0.0788963883,0.2856927843,0.0194787565,1.202652949,0.3002147602,0.2492607967,240,240,240,240,240,240,240,240,240,240,240,240,240,240,240,240,240,240,240,240,240,240,240
1,0,1,0,0,0,0,0,0,1,0,0.4861916369,0.6887358593,0.8258575975,0.0361359713,0.8652289282,1.9307596377,1.098884327,0.1444211991,1.2495342368,0.2207988558,0.4334743023,0.6707127635,0.0494057688,0.5021119173,1.4111859394,0.5688265826,0.2080646239,0.2937430231,1.2535898586,0.0488976582,0.7693808633,0.0107184626,0.2787398893,0,0,0,0,0,0,0,0,0,0,0,0,0,0,0,0,0,0,0,0,0,0,0
1,0,1,0,0,0,0,0,0,1,5,0.6368776143,0.1017627699,0.2625849509,1.017675019,0.062087648,0.3900436761,0.2712962479,0.4973140925,1.446586308,0.6235604701,1.1065890816,0.4117107822,0.0658530907,1.8607717832,1.4778942387,0.9704739026,0.3691711329,0.6823740173,0.9287920136,1.64E+000,0.5486071167,0.539857724,1.3398978306,5,5,5,5,5,5,5,5,5,5,5,5,5,5,5,5,5,5,5,5,5,5,5
1,0,1,0,0,0,0,0,0,1,15,0.6530760886,0.5751329068,0.4806445794,0.0698645038,0.8121674801,0.4173200514,0.4692260133,1.4333977711,1.4538431538,0.1157814281,0.0357719323,0.2291052721,0.6189455672,0.930021083,0.467986273,0.2477228399,0.6503009039,0.0675704269,0.0203597866,0.5150826675,0.4060219181,0.4156387417,0.0480011783,15,15,15,15,15,15,15,15,15,15,15,15,15,15,15,15,15,15,15,15,15,15,15
1,0,1,0,0,0,0,0,0,1,30,1.6485068023,0.7092255981,0.8027564384,1.9060176389,0.2749325646,0.9123751743,0.2576471365,0.6113633232,0.295371519,1.4066199752,0.2840097712,2.1286122405,0.0770094574,0.40909496,0.194012067,0.5940646296,0.5994658988,0.6512682167,0.8311551605,0.4040673034,0.3351336011,0.604856928,0.9519387889,30,30,30,30,30,30,30,30,30,30,30,30,30,30,30,30,30,30,30,30,30,30,30
1,0,1,0,0,0,0,0,0,1,60,0.9949474076,1.4751877661,0.21166698,1.2776808259,0.4022133318,0.1729187784,0.8679491644,0.8991699984,0.252721943,0.6425909863,0.3005451859,0.5614223802,0.4900321588,1.4097077805,0.8814387034,1.0927516747,0.1546169251,0.8063019333,0.3314665401,0.8922840716,0.4100432176,0.0218172568,0.3971106956,60,60,60,60,60,60,60,60,60,60,60,60,60,60,60,60,60,60,60,60,60,60,60
1,0,1,0,0,0,0,0,0,1,120,0.8313803516,0.0894557248,1.1337436233,0.384040155,0.2827839268,0.3874104153,0.5568278888,0.6882076062,0.1310785664,0.1344783957,0.3116705203,0.1126090342,0.1502505985,0.6830285857,0.4735673631,0.2237292584,0.9845166551,1.0194717127,0.8319970978,0.6274163869,0.4886451503,1.4159830967,1.3907461959,120,120,120,120,120,120,120,120,120,120,120,120,120,120,120,120,120,120,120,120,120,120,120
1,0,1,0,0,0,0,0,0,1,240,0.5810799545,0.7607685405,1.1435821196,0.3944718621,0.5957762354,0.5966921449,1.2402260904,0.6061135767,1.1882467725,0.0328873046,1.1181653555,1.1364533408,1.6778219051,1.0737344374,0.302684971,0.124424046,1.7249511,0.7687527858,0.8011463649,0.726520826,0.2247128804,0.9539489341,1.1250333663,240,240,240,240,240,240,240,240,240,240,240,240,240,240,240,240,240,240,240,240,240,240,240
1,0,0,0,0,1,0,0,0,1,0,0.3714103429,1.6511655275,0.8379084735,0.0284528317,0.2031450214,1.3264152817,0.4684364118,0.3962719892,0.9025402039,0.2420942608,1.7298200485,0.0531929784,0.3562895717,0.4642224397,0.3766207555,0.0821235833,0.1150848858,0.3773353546,1.2802623509,0.2466865738,1.1707229713,0.2817833655,1.7933813379,0,0,0,0,0,0,0,0,0,0,0,0,0,0,0,0,0,0,0,0,0,0,0
1,0,0,0,0,1,0,0,0,1,5,1.385168634,0.5527565411,0.675413189,0.3881637944,0.5273332153,1.5149093758,0.6562359418,0.6374646374,1.3040946342,1.3011630628,1.1080440326,0.4685948833,0.0876840005,1.6391269013,0.7030262018,1.9142305589,0.2114232862,1.6131620732,1.1713058379,2.1916223619,0.3309815027,0.2786959676,0.367975659,5,5,5,5,5,5,5,5,5,5,5,5,5,5,5,5,5,5,5,5,5,5,5
1,0,0,0,0,1,0,0,0,1,15,1.4488251652,0.6427985697,0.3814722818,1.429708225,1.5079509795,0.2386505694,0.814207188,0.2903711978,0.6291317187,0.4869261332,0.024633971,1.4098277716,0.7485434991,0.8721548582,0.103828506,0.1715046461,1.1577206712,0.1295142712,0.5443550926,0.6042044922,0.3309411934,0.7875770522,0.8166630724,15,15,15,15,15,15,15,15,15,15,15,15,15,15,15,15,15,15,15,15,15,15,15
1,0,0,0,0,1,0,0,0,1,30,0.4995084038,0.308874171,1.0950185145,0.369000757,0.4836777495,2.003429865,1.3289125833,1.0764778118,0.3937056911,2.2568688348,1.157355337,1.6995477659,1.2418268123,1.1226311688,1.4837959064,0.0033758278,1.0997441292,0.1328546072,0.5168612532,0.8138349353,0.7198131288,1.8544443987,0.3644365304,30,30,30,30,30,30,30,30,30,30,30,30,30,30,30,30,30,30,30,30,30,30,30
1,0,0,0,0,1,0,0,0,1,60,1.3872986081,0.1665853605,0.4826879974,1.2578912129,0.995480918,0.3464768547,0.0226604726,1.6991113481,0.2948590411,0.6248860247,0.1684147199,1.0524470038,0.7938572722,1.5053900735,1.3183567927,0.8947613533,0.0730113132,0.1863535238,0.795196278,0.2644422442,0.8149267014,0.5943081268,0.5649901363,60,60,60,60,60,60,60,60,60,60,60,60,60,60,60,60,60,60,60,60,60,60,60
1,0,0,0,0,1,0,0,0,1,120,0.5412706554,0.0165695528,0.1600389585,0.6438671729,1.0102107949,0.3177474159,0.1088330022,0.1707264143,0.1446746128,1.7553132731,1.4800042728,0.1953764074,1.4923405315,0.2198935354,0.145472799,0.3191892034,0.2601310284,1.3451275739,0.2062952228,0.8524330747,0.1743898181,2.2385996608,1.3336819697,120,120,120,120,120,120,120,120,120,120,120,120,120,120,120,120,120,120,120,120,120,120,120
1,0,0,0,0,1,0,0,0,1,240,0.8667149157,1.301183222,0.2564894536,0.5983177658,0.0218844924,0.3158334803,0.9313992189,0.3196709953,0.7718759811,0.773286348,0.9420610556,0.5059034942,0.111494993,0.2974243779,0.7585492689,1.1183282612,0.3425033203,0.6830315244,0.4039338114,0.644678239,0.1434005546,1.3506404629,0.327623558,240,240,240,240,240,240,240,240,240,240,240,240,240,240,240,240,240,240,240,240,240,240,240
1,0,1,0,0,0,0,0,0,0,0,0.0483544726,0.4134778959,0.5824119489,0.5029177591,0.1666851459,0.0376649095,1.3696920519,0.7302822793,0.3974796861,1.1628821461,1.3057452492,0.5771334017,0.0967439773,0.0062867782,0.809823029,0.0509686787,0.4110817782,0.3240235494,2.0842459745,2.0086273291,1.0271886679,0.763831006,0.5898712607,0,0,0,0,0,0,0,0,0,0,0,0,0,0,0,0,0,0,0,0,0,0,0
1,0,1,0,0,0,0,0,0,0,5,1.6202998725,0.4975578048,0.4432248575,0.2670762306,0.5513502499,0.3624454654,0.4448629726,0.5188511161,0.0755595045,0.629857603,1.4091153595,0.1056230025,0.2284530162,2.4557046166,0.7531878409,0.243788367,0.2470214494,1.8453628534,3.82E-001,0.3328756726,0.4782661773,0.9793114527,0.5076905346,5,5,5,5,5,5,5,5,5,5,5,5,5,5,5,5,5,5,5,5,5,5,5
1,0,1,0,0,0,0,0,0,0,15,0.7883264571,0.6311446989,1.5421425027,0.9489280992,0.3330730111,1.7494606266,0.8763834877,0.1686264864,0.0044235038,0.3131459537,1.1138953255,2.2403530104,0.1703597948,0.3718553781,0.786851034,0.3299371561,0.1934798191,1.3607467609,0.8649573741,0.7850263687,0.1510021979,0.7773555987,0.2793403212,15,15,15,15,15,15,15,15,15,15,15,15,15,15,15,15,15,15,15,15,15,15,15
1,0,1,0,0,0,0,0,0,0,30,0.4279915756,0.1458022877,1.1743867843,0.2291208871,0.8589589619,0.2013155742,0.5027655204,0.1174732545,1.3963622748,0.9918536187,0.8192834613,0.804395941,0.098780908,0.5022829032,1.008497249,0.4269435479,0.5814478701,0.9324461897,1.0840591727,0.7193914434,3.10E-001,1.0054717125,0.1645611094,30,30,30,30,30,30,30,30,30,30,30,30,30,30,30,30,30,30,30,30,30,30,30
1,0,1,0,0,0,0,0,0,0,60,0.0720191557,0.6336772098,1.070829201,1.0615369335,0.0144310084,1.2985155017,0.495852733,1.127888633,0.1601683947,0.6967750611,0.9587439598,1.128697693,0.955258241,1.0286132677,0.6948869191,1.9618709521,0.7490843023,0.0042940608,1.0682432252,0.5006042382,1.1725618602,0.3739658687,0.7923035476,60,60,60,60,60,60,60,60,60,60,60,60,60,60,60,60,60,60,60,60,60,60,60
1,0,1,0,0,0,0,0,0,0,120,1.0975019439,0.2000722261,0.5166360803,0.6919737769,2.0693847407,0.0698174589,1.1457686812,0.0572836187,0.093121278,0.5937471262,1.9729231716,1.4531512538,1.0658842875,0.5125879354,0.2981409127,0.8857794102,0.1416760158,0.7766022538,1.6485285925,0.2768257159,0.2238791159,0.391729503,0.4075604984,120,120,120,120,120,120,120,120,120,120,120,120,120,120,120,120,120,120,120,120,120,120,120
1,0,1,0,0,0,0,0,0,0,240,1.2823313001,0.1480878334,0.3195115236,0.8062340549,0.7351247985,1.2097289669,2.2421983441,0.0094098376,0.7857364913,0.7123853306,0.4930282275,1.4781822508,0.3455764771,0.0443956978,0.5330529239,0.3151930635,0.3527850811,0.666828083,0.7305120456,0.3570926293,2.2537980891,0.1196078931,0.4195329178,240,240,240,240,240,240,240,240,240,240,240,240,240,240,240,240,240,240,240,240,240,240,240
1,1,0,0,0,0,0,0,0,0,0,0.2857116578,0.0017322549,1.654279026,1.148723523,1.3454615903,0.1447561536,0.1971414569,0.2349449065,1.3441189459,0.5205077983,0.7516297064,1.0492388729,0.2387974616,0.072237337,1.5905343524,0.3337354888,0.3739930784,0.3281106391,0.1147736038,0.5180828539,0.5689243866,0.8284439196,0.1798626316,0,0,0,0,0,0,0,0,0,0,0,0,0,0,0,0,0,0,0,0,0,0,0
1,1,0,0,0,0,0,0,0,0,5,0.46849379,0.5507396337,0.0434344564,0.6807828099,1.1951804949,1.4847422183,0.7400562513,0.5262876425,0.4216566825,0.2580277583,0.4666746299,0.8032541096,0.4227740607,1.3924316783,1.0505338165,0.3042513967,0.2609659065,1.8435959218,0.1114820562,0.7999471852,0.6627150079,0.1405578783,0.1923244621,5,5,5,5,5,5,5,5,5,5,5,5,5,5,5,5,5,5,5,5,5,5,5
1,1,0,0,0,0,0,0,0,0,15,0.9776126685,0.8834181543,1.3487155031,0.7907939947,2.4471767491,1.1633743424,0.0497963892,0.3420193842,0.4560490678,0.7558772502,4.29E-001,0.2228170503,0.1410254766,0.3287169053,0.3977745829,0.5602439831,0.8488274363,1.7608688213,0.6207591461,0.9796725706,1.09E+000,0.9984193773,0.3454024938,15,15,15,15,15,15,15,15,15,15,15,15,15,15,15,15,15,15,15,15,15,15,15
1,1,0,0,0,0,0,0,0,0,30,0.6139792092,0.4229139289,0.0324136198,0.3168881335,0.4273187894,0.2070897347,0.5431170379,1.794287281,0.1516112165,1.774082522,1.160440222,0.8717525462,0.7296125531,1.619262711,1.3745065121,0.8013561002,0.7227966307,0.9984975294,0.8429811022,0.3846430688,0.7916953968,0.0630923219,0.8107488297,30,30,30,30,30,30,30,30,30,30,30,30,30,30,30,30,30,30,30,30,30,30,30
1,1,0,0,0,0,0,0,0,0,60,1.5321685808,0.1656618405,0.1423819104,0.2702123624,0.4776073458,0.3131466608,0.3157155424,0.3885715377,0.9685267794,1.1870760779,0.3622175468,0.2635270196,0.718542644,0.050842436,0.7854728117,0.3849532261,0.7973062942,2.1441483163,2.440225881,0.0395882079,1.1242121246,0.5802774488,0.8185911257,60,60,60,60,60,60,60,60,60,60,60,60,60,60,60,60,60,60,60,60,60,60,60
1,1,0,0,0,0,0,0,0,0,120,1.0419010474,1.3076390146,0.5187279215,0.2812641141,0.0245888495,0.4729792266,1.8648656133,0.780040535,0.5570014921,1.3595414346,0.7459417662,1.2283107902,1.3269885061,1.0789970344,0.366264725,0.7052231555,0.0620281993,2.0919404985,1.1657802156,0.2842934877,0.750496941,0.0601111667,0.7194127537,120,120,120,120,120,120,120,120,120,120,120,120,120,120,120,120,120,120,120,120,120,120,120
1,1,0,0,0,0,0,0,0,0,240,1.2887517035,0.1227928517,0.1041800846,0.9223661312,0.7099327152,1.1884835828,1.1521630989,1.1551070973,0.0784319877,0.1100988639,0.8449771379,0.2629789239,0.7380580154,0.6555480778,0.1163337137,1.6293470899,1.0308642785,0.5632914641,0.2382596331,1.2493584435,0.2691822406,0.9676408246,0.5421028473,240,240,240,240,240,240,240,240,240,240,240,240,240,240,240,240,240,240,240,240,240,240,240
1,0,0,0,1,0,0,0,0,0,0,0.2065543647,0.1990630385,0.256912497,0.5226055336,0.8532252073,1.1456170742,0.6777337882,2.0431703318,1.0492745123,1.1274913345,0.7110222477,0.6474786282,1.0359697946,0.321239252,0.9298958596,0.800880057,1.4943537172,0.6576041547,0.6169544671,0.3585481366,2.2748825927,0.8699104241,1.3132519344,0,0,0,0,0,0,0,0,0,0,0,0,0,0,0,0,0,0,0,0,0,0,0
1,0,0,0,1,0,0,0,0,0,5,1.0405516556,1.1634291066,0.7883233301,0.2714943943,1.1062959718,1.2072078457,0.6463796044,0.9119965879,0.7389114509,0.4395587313,0.0731350134,0.4106816713,1.6292537321,1.5410771282,0.2368260678,0.209742439,0.51174109,0.1534573577,1.0330994566,0.2018747224,1.7383124249,0.4293283075,0.6738229504,5,5,5,5,5,5,5,5,5,5,5,5,5,5,5,5,5,5,5,5,5,5,5
1,0,0,0,1,0,0,0,0,0,15,0.7900047734,0.8330328346,0.3819992521,0.4057948664,0.9861565366,0.0839708895,0.2605623113,1.6491337791,0.3029869262,0.0806413697,1.3295874365,0.0500383646,0.5488284885,1.2856741024,0.9976717835,1.5548426807,1.640181524,0.6144036609,0.0874232246,0.9381921071,0.3078189149,0.9614888263,0.45645915,15,15,15,15,15,15,15,15,15,15,15,15,15,15,15,15,15,15,15,15,15,15,15
1,0,0,0,1,0,0,0,0,0,30,0.1285565336,0.4783894612,0.5290016849,2.0094463092,1.0216995989,0.2929467674,2.3128289981,0.8078140313,0.7413197311,0.8803690977,0.0229084733,0.3455699816,0.3647520568,0.1254378712,0.781947194,0.4453218422,1.0974959552,1.0282642367,0.2081644344,0.5243446279,0.4137965993,0.9410226663,0.3613843705,30,30,30,30,30,30,30,30,30,30,30,30,30,30,30,30,30,30,30,30,30,30,30
1,0,0,0,1,0,0,0,0,0,60,0.0878605979,0.0494799346,0.7992173795,1.1360638636,0.5820744224,0.0805725891,0.2555157911,0.923582732,1.4836857124,0.3880220373,0.0097599056,0.7849649445,1.147697876,0.750941947,0.7196898711,0.3049268955,0.2918747205,1.4527137459,1.2680177991,0.3776349147,0.4673454327,0.4655018754,0.3398721491,60,60,60,60,60,60,60,60,60,60,60,60,60,60,60,60,60,60,60,60,60,60,60
1,0,0,0,1,0,0,0,0,0,120,1.2178866141,0.5616429508,0.191816937,1.6761722837,0.3685683614,0.4608561172,1.6181521578,1.0082665086,0.11130878,0.4580504676,0.475243555,1.1259530247,0.979725071,0.5946438958,1.1085135683,0.4560072441,0.5989911594,0.5701324569,0.4571116171,0.4738445012,0.6066798645,0.9476839337,1.3871920582,120,120,120,120,120,120,120,120,120,120,120,120,120,120,120,120,120,120,120,120,120,120,120
1,0,0,0,1,0,0,0,0,0,240,0.015324224,1.3384132232,0.0220965881,1.3515795479,0.4280275661,0.3277152993,1.7497695705,0.1438418678,0.5936072603,0.6448389524,1.3648240986,1.5992053897,0.0854368287,0.8883353227,1.1375506953,1.487194938,0.6198443268,0.2200130212,0.9075748016,1.1185077717,0.4834172908,1.0267632164,0.5530940269,240,240,240,240,240,240,240,240,240,240,240,240,240,240,240,240,240,240,240,240,240,240,240
1,0,0,1,0,0,0,0,1,0,0,0.9203739867,0.8449543799,1.1205225279,0.2331111363,2.2481436172,1.5603788228,0.5928573472,2.3008569548,0.8509753722,1.1806852373,0.9119424611,0.3019872277,1.452260921,0.7298656775,1.1510875373,0.3917118137,0.2137747422,0.5214313753,1.632304406,0.262812814,1.3192850542,0.0118186918,1.2356767205,0,0,0,0,0,0,0,0,0,0,0,0,0,0,0,0,0,0,0,0,0,0,0
1,0,0,1,0,0,0,0,1,0,5,0.6380144518,0.6028023193,1.3404430998,1.446087323,0.4228047045,0.4675571004,0.0805113977,0.8186066399,1.1230197218,0.8761053441,1.4972837791,0.4071600557,0.8096596252,0.1307096223,0.0544818847,0.5607803353,0.7299589378,0.8937693263,0.3350320722,1.5311160354,0.7118833486,0.0860856368,1.1083785431,5,5,5,5,5,5,5,5,5,5,5,5,5,5,5,5,5,5,5,5,5,5,5
1,0,0,1,0,0,0,0,1,0,15,0.4915432898,1.0646817326,0.9109089537,0.2990527283,0.8622923448,1.3180119576,1.4619933274,1.217657742,0.535489408,0.4862826253,0.8367117247,0.1491090211,1.2184216389,0.4436691767,0.3620398413,0.6182818449,0.1786547952,0.0786829026,1.6457680434,1.4492057479,0.7654785288,0.042878579,1.1449135502,15,15,15,15,15,15,15,15,15,15,15,15,15,15,15,15,15,15,15,15,15,15,15
1,0,0,1,0,0,0,0,1,0,30,0.2160215665,1.3197873956,0.0953433708,0.8606026302,1.1788074046,0.181310173,0.3584650864,0.6907519975,1.9609001763,0.0976654756,0.500943204,0.6637781176,0.1812665246,0.2150974843,0.4799262277,1.4218963096,1.2201170449,0.4145596649,1.0255799769,0.6373894336,0.579157982,0.7654520004,0.3346225965,30,30,30,30,30,30,30,30,30,30,30,30,30,30,30,30,30,30,30,30,30,30,30
1,0,0,1,0,0,0,0,1,0,60,0.0834860972,0.8312656536,1.4890633199,0.1201099564,0.0645088,1.7048200043,0.5216840646,0.8651644274,1.1067576361,0.8237703501,0.4496459089,0.8598096542,0.9852416839,0.808918548,0.6997155722,0.098774506,0.9301766554,0.4110401337,1.744192349,1.0728749162,1.0489205158,0.8422667931,0.3307563668,60,60,60,60,60,60,60,60,60,60,60,60,60,60,60,60,60,60,60,60,60,60,60
1,0,0,1,0,0,0,0,1,0,120,0.0598563144,0.3476341297,0.3617393704,1.3523794531,0.5167413835,0.1072683881,0.3544391705,0.6031575482,0.8728965098,1.099547421,2.0425557369,1.8490736806,0.3075031317,1.1989062705,0.3868949031,0.6068294787,1.1301844097,0.2668217282,1.5039985941,0.2620233928,1.4185236992,0.0142981639,0.8335112506,120,120,120,120,120,120,120,120,120,120,120,120,120,120,120,120,120,120,120,120,120,120,120
1,0,0,1,0,0,0,0,1,0,240,0.2067450037,1.0891861666,0.2513916009,1.2855427605,0.936397616,0.0442689882,0.8917853073,1.7250745898,1.4482770716,0.7389075312,1.3163697509,0.801759255,0.5251169611,1.1820939598,0.2494167402,0.0146645123,0.3046410291,1.4001409301,0.8513476519,1.2144862501,0.7536679378,1.2034028177,0.3849529231,240,240,240,240,240,240,240,240,240,240,240,240,240,240,240,240,240,240,240,240,240,240,240
1,0,0,1,0,0,0,0,0,1,0,1.3748552073,0.2122743601,0.8551841394,1.2283253726,0.4281804665,1.5449765171,0.2182789279,0.8400269469,0.6525187197,1.6258924648,0.7663495182,0.9652826398,0.7031764885,1.7827809866,0.412789354,1.2413170811,1.2791438211,0.4717428163,0.5707077205,0.0828750058,1.1076565564,0.343731075,0.9210517675,0,0,0,0,0,0,0,0,0,0,0,0,0,0,0,0,0,0,0,0,0,0,0
1,0,0,1,0,0,0,0,0,1,5,0.6634776875,0.138730215,1.3518328396,1.0285018706,0.8593565298,0.1162094531,2.027003479,0.3993575169,0.1465924932,0.3984712627,0.75186456,0.370380593,0.2730081689,0.8425434585,0.5737800159,0.5247056547,1.1635678163,0.7055542536,0.6992846569,0.2894590158,0.112315598,0.0533516451,0.5062052965,5,5,5,5,5,5,5,5,5,5,5,5,5,5,5,5,5,5,5,5,5,5,5
1,0,0,1,0,0,0,0,0,1,15,0.1985954452,0.5652718728,0.2384354153,0.1960739758,1.2515750719,1.7601914374,1.2627717495,0.2473753792,0.7165655814,0.4232909505,0.924405342,1.2204380692,0.6410282556,1.1958833578,1.1377110417,0.6521249731,0.6140498046,1.9227521093,0.84914949,0.1688705039,1.2934048088,0.1327087681,0.0819705673,15,15,15,15,15,15,15,15,15,15,15,15,15,15,15,15,15,15,15,15,15,15,15
1,0,0,1,0,0,0,0,0,1,30,0.0186763576,1.1584896299,1.2982712747,0.8986540136,1.2234670377,0.3938436702,0.5593936296,0.7997632902,0.4110843165,1.052091061,0.0590990604,1.1278431747,0.7137938533,0.7548860196,0.2195207492,0.4975626221,0.8157964385,1.3926997499,0.0624671347,0.0477442556,1.0235067619,0.9921668186,0.61854515,30,30,30,30,30,30,30,30,30,30,30,30,30,30,30,30,30,30,30,30,30,30,30
1,0,0,1,0,0,0,0,0,1,60,1.5120155733,0.8205925153,0.8125900609,1.7182902005,2.0468127072,0.5453375228,0.2370217065,1.3370306358,0.4645916398,1.0745678811,1.9437271051,0.3042579134,0.5509737913,0.8180753934,1.5389390542,0.6833182889,1.0868949057,0.3556562628,0.0211189368,1.0491022078,0.9390767024,0.1176955253,0.1603634959,60,60,60,60,60,60,60,60,60,60,60,60,60,60,60,60,60,60,60,60,60,60,60
1,0,0,1,0,0,0,0,0,1,120,0.749458259,7.25E-002,1.2497641503,0.4126393826,1.4646119467,0.6739561722,0.0010064211,0.2145496467,0.2238789226,0.520947801,0.0648931682,1.4206686486,0.1016713277,0.7255470681,0.6104916296,0.2579607235,0.5315480499,0.6863264163,0.1115083228,0.3646498574,0.5163431488,0.5970731992,1.9680935673,120,120,120,120,120,120,120,120,120,120,120,120,120,120,120,120,120,120,120,120,120,120,120
1,0,0,1,0,0,0,0,0,1,240,0.3786211764,0.6944078285,1.0182225004,1.1842696333,0.5922945676,0.0722605179,0.2404683008,0.2917870221,0.3476804753,1.073417366,0.8167682767,0.2660215776,0.4888537145,0.1726819629,0.0836018774,0.6031433232,0.5872862644,1.5724166836,0.3673486381,0.2113861809,1.7108726185,1.3452358843,0.0701299834,240,240,240,240,240,240,240,240,240,240,240,240,240,240,240,240,240,240,240,240,240,240,240
1,0,0,1,0,0,0,0,0,0,0,1.526356823,0.2106764963,0.3006062673,0.5509912093,0.1021285228,0.1644082057,1.3281298676,0.095524088,0.5448927083,0.5272266115,0.4467321502,0.1172270125,0.8585300507,0.2829716942,0.684647403,0.2320034609,0.3388312802,1.019191016,0.5381749551,1.2387893,0.4018042429,0.3920208689,0.7968002763,0,0,0,0,0,0,0,0,0,0,0,0,0,0,0,0,0,0,0,0,0,0,0
1,0,0,1,0,0,0,0,0,0,5,1.4020943842,0.2366748993,1.0835401231,1.4212201648,0.6691096678,0.1889182524,0.0308723745,1.5433511209,1.4910773156,1.0891627456,1.7725875631,0.304965519,1.2525745954,1.1510715073,0.2442143811,0.0129808896,0.6486262458,1.2048411149,0.2432245109,0.3350416771,1.3365307173,0.6318650135,0.0517052311,5,5,5,5,5,5,5,5,5,5,5,5,5,5,5,5,5,5,5,5,5,5,5
1,0,0,1,0,0,0,0,0,0,15,0.1131526333,0.353720714,0.8023044237,0.0387334621,1.5220111322,0.1351331455,1.6192471835,0.37567402,0.5904287764,1.6585557298,0.6964574732,0.3896993259,0.7054192597,0.0164996633,0.3797564084,0.2523626992,0.1663226342,1.3691372783,0.4507891824,0.7554202111,0.4475609294,0.6037096057,1.0803881868,15,15,15,15,15,15,15,15,15,15,15,15,15,15,15,15,15,15,15,15,15,15,15
1,0,0,1,0,0,0,0,0,0,30,0.9595150809,1.0817405408,0.5337038563,0.3775422352,0.0482192444,1.3661850711,0.7882482905,1.48822352,2.5788782464,0.082836805,0.4128447408,0.1169392697,1.9713856971,1.2862635642,1.2091671808,1.116877934,0.7257466676,0.5350389671,1.3145880076,0.8751037166,0.1922612998,0.000435321,0.2521037076,30,30,30,30,30,30,30,30,30,30,30,30,30,30,30,30,30,30,30,30,30,30,30
1,0,0,1,0,0,0,0,0,0,60,1.6212734479,0.0821595333,0.6943077568,1.572558526,2.1970582918,0.1841553667,0.3363135634,0.6114880609,1.0119080811,0.1634334993,0.5039011072,0.122260557,0.4327733009,0.6095386878,0.3936878504,1.0345809233,0.969535305,0.5772095474,0.4751854563,1.0779861435,0.2514999573,0.9480320666,0.4299268815,60,60,60,60,60,60,60,60,60,60,60,60,60,60,60,60,60,60,60,60,60,60,60
1,0,0,1,0,0,0,0,0,0,120,2.4315956131,0.920575847,0.4427910578,0.5486553542,2.0218303996,0.8574495438,0.7901933406,0.711599215,0.250387491,1.7721581471,1.5215491455,0.0969634866,0.750250852,0.46982996,0.6253834523,0.3599483595,0.4805529401,1.0011224563,0.3449715975,0.2306095074,0.4110628006,0.3221211703,0.6880484537,120,120,120,120,120,120,120,120,120,120,120,120,120,120,120,120,120,120,120,120,120,120,120
1,0,0,1,0,0,0,0,0,0,240,0.5974865801,0.2922770808,0.1073495538,0.4865546265,1.2154975843,0.8124269925,0.1575374594,0.6151045586,0.2780893631,0.2930827917,1.0592262564,0.5092535026,1.0589580431,0.4482433937,1.0639406699,0.0454770632,0.8656918937,0.1981037003,0.0011929745,0.0996511634,0.5459295847,0.571634775,1.1236619993,240,240,240,240,240,240,240,240,240,240,240,240,240,240,240,240,240,240,240,240,240,240,240
1,0,0,0,0,0,0,1,0,0,0,0.4696393362,0.9222359691,0.4649513594,0.1151637341,0.2347017844,0.4763832264,0.4158558745,1.4107018367,0.2393115943,0.5379967059,0.220102671,0.2757668117,0.2625488295,0.6179248047,1.0258800936,0.5117698188,1.1976330206,0.7771540776,1.5855496963,0.0916520281,0.5383875813,1.1096015998,0.6429834058,0,0,0,0,0,0,0,0,0,0,0,0,0,0,0,0,0,0,0,0,0,0,0
1,0,0,0,0,0,0,1,0,0,5,0.4264801785,0.5116615083,0.1287113977,0.200395191,0.6450895057,0.1676895213,1.3540023885,1.5091954004,0.0334584602,1.1311478252,0.791981612,0.1050066287,0.5334651465,1.4185935591,0.4583838838,1.1873566823,1.0898903873,1.1747140518,0.5305014018,1.7656332307,0.4293217594,0.183054089,0.371679435,5,5,5,5,5,5,5,5,5,5,5,5,5,5,5,5,5,5,5,5,5,5,5
1,0,0,0,0,0,0,1,0,0,15,0.5390720034,0.1037320858,1.2215734102,1.0569235504,0.43275113,0.3389956207,1.0779138736,0.7455342135,0.0136341614,0.4849330919,0.564980632,1.0404219276,0.7742529161,0.8777892595,1.4840186867,0.7500706526,2.2739625991,1.1193412943,0.5429224145,0.1300811376,0.1762095838,0.9680279628,0.3762327619,15,15,15,15,15,15,15,15,15,15,15,15,15,15,15,15,15,15,15,15,15,15,15
1,0,0,0,0,0,0,1,0,0,30,1.726559082,0.7061881462,1.3645611901,0.0611112324,0.7277945005,0.0919624276,0.4889314571,0.5903988155,0.9778657822,1.1426619241,0.0342475186,0.5036182715,0.0446264667,0.5824923182,0.0227754139,1.1757205549,0.2165317442,0.9108361576,1.5462592053,0.4274763329,0.8387396329,0.4964435437,0.1074279489,30,30,30,30,30,30,30,30,30,30,30,30,30,30,30,30,30,30,30,30,30,30,30
1,0,0,0,0,0,0,1,0,0,60,1.8925256043,1.161614781,0.7050380213,0.2062523214,1.4669807851,0.8756915618,0.605511843,0.0544755406,0.1609035412,1.2601382664,1.6886575314,0.2208278541,1.0813946861,0.6653456635,0.1566389884,0.7646455915,1.1719390395,0.3741403067,1.019109428,0.361999182,0.3560429451,0.1321168694,1.1950202741,60,60,60,60,60,60,60,60,60,60,60,60,60,60,60,60,60,60,60,60,60,60,60
1,0,0,0,0,0,0,1,0,0,120,0.4018660062,0.1615011337,0.4217284669,0.0456743509,0.97967915,0.162381521,0.892076501,0.0213964239,0.3689221504,0.2990856506,1.3247143707,0.9098724866,0.7239019522,1.4877016038,0.3106465192,0.4300574395,0.6042501888,0.7048152874,0.6671605825,0.6433920259,0.0072660779,0.8989365578,0.4249770972,120,120,120,120,120,120,120,120,120,120,120,120,120,120,120,120,120,120,120,120,120,120,120
1,0,0,0,0,0,0,1,0,0,240,0.8968999233,1.5027484446,0.1997269457,0.450568323,0.925209817,0.1837933569,0.7571432395,0.686408456,0.4783963571,0.0947734191,0.9259669286,0.3272584957,0.5063321454,0.316053685,0.4618668598,0.7754322168,0.0250510303,0.374982725,1.4551123239,1.1023782486,0.5972631651,1.1511815222,0.3421528278,240,240,240,240,240,240,240,240,240,240,240,240,240,240,240,240,240,240,240,240,240,240,240
1,0,0,0,0,0,1,0,1,0,0,0.7711532358,0.1962925191,0.9843951678,1.2555379674,0.0914864385,0.0112423468,0.6756340551,0.273929252,0.0344269083,1.5068841348,0.2435782046,0.8886322741,0.6462196184,0.394811244,1.0835419812,1.485307945,0.3746739501,0.1816789139,0.2839253664,1.1300165935,1.711631796,0.0099419348,1.0472074984,0,0,0,0,0,0,0,0,0,0,0,0,0,0,0,0,0,0,0,0,0,0,0
1,0,0,0,0,0,1,0,1,0,5,0.4165484172,0.0267262273,0.5926371148,0.8661587499,1.1659510242,0.3599961779,0.6644592033,0.4276016565,0.1893981522,1.1736396131,0.4997624974,1.4095662013,0.409606136,0.3382744191,0.6273027191,1.3285069153,0.6602276659,0.257056108,0.4354393648,0.9855742272,1.7844655144,0.2276465058,1.0639783209,5,5,5,5,5,5,5,5,5,5,5,5,5,5,5,5,5,5,5,5,5,5,5
1,0,0,0,0,0,1,0,1,0,15,0.7890114181,0.6009917201,1.2849768129,1.23319447,0.9103269197,0.2169871931,0.5302708583,0.7188317571,0.6397311976,0.4865759335,1.135717431,0.6554153822,0.363022499,0.8322063814,2.4418129944,1.1023547117,0.5442767725,1.8762100836,0.7983348472,0.7005106708,1.4869945352,1.5064507246,1.1562248103,15,15,15,15,15,15,15,15,15,15,15,15,15,15,15,15,15,15,15,15,15,15,15
1,0,0,0,0,0,1,0,1,0,30,1.0181418793,0.1746461883,0.8416841656,0.5775034347,0.1492413038,0.9559099199,0.0042353852,0.692846076,0.2469075846,0.8471567944,1.8486626999,0.7937397866,0.353821091,0.957413847,1.156456322,0.3682850206,0.5162583039,0.6809963043,0.3440845572,0.290284511,0.8152970221,0.4039309023,0.0351006303,30,30,30,30,30,30,30,30,30,30,30,30,30,30,30,30,30,30,30,30,30,30,30
1,0,0,0,0,0,1,0,1,0,60,1.6724405479,0.5269039998,0.504800027,0.2251660495,0.4131115573,0.3683075344,0.0762482903,1.0154151228,0.5018059007,0.9951727305,0.6158134825,0.2323437438,0.263758997,2.1210459028,0.173429169,0.7705876258,1.5166128793,0.164801056,0.239412618,1.871703995,0.3824906696,0.217671837,1.2955476829,60,60,60,60,60,60,60,60,60,60,60,60,60,60,60,60,60,60,60,60,60,60,60
1,0,0,0,0,0,1,0,1,0,120,0.3495079662,0.1443588972,1.2793017883,0.1059953851,0.2882363962,0.4322288244,0.0594025984,2.1956936157,0.6615451743,1.6359736195,0.8355581467,1.8650805831,1.8820356114,1.3855098583,0.5391774543,1.7720714251,0.9469673485,0.8550477522,0.4548939245,1.2219512179,0.6529667424,0.510448551,1.366790615,120,120,120,120,120,120,120,120,120,120,120,120,120,120,120,120,120,120,120,120,120,120,120
1,0,0,0,0,0,1,0,1,0,240,1.1191749375,0.8371017924,0.1037108421,0.1409733195,0.5043552764,0.8465551306,0.9231497774,0.1574408873,1.1998471124,0.0227492407,0.105055181,0.2694388211,0.1835353668,0.0125233568,0.2522676048,0.7476569101,1.0773860982,1.3784076216,0.6089382802,1.2860726906,0.8452118745,0.1746750449,0.1455718257,240,240,240,240,240,240,240,240,240,240,240,240,240,240,240,240,240,240,240,240,240,240,240
1,0,0,0,0,0,1,0,0,0,0,1.1267351102,0.234467908,0.5804591142,0.835206822,0.7349957572,0.5543010844,0.42259564,0.209419001,0.3154157317,0.385796557,0.242435519,0.2439908271,1.0378796551,1.0040270328,0.207236984,0.6172982472,0.5149093607,0.9281718928,0.1876495707,1.0822354057,1.1791526611,0.0929734596,0.9129424564,0,0,0,0,0,0,0,0,0,0,0,0,0,0,0,0,0,0,0,0,0,0,0
1,0,0,0,0,0,1,0,0,0,5,0.1275689967,0.5252609323,0.1037917551,0.6310085452,1.436585856,0.9080874233,1.6846596989,1.3478490808,0.5308783812,0.3835407256,0.0902500892,0.2806851308,0.5098312293,0.1406589293,0.1753409457,0.3058955543,1.4252547738,0.1509170693,0.036876949,0.717578263,0.3137433027,1.1475139035,1.8455535119,5,5,5,5,5,5,5,5,5,5,5,5,5,5,5,5,5,5,5,5,5,5,5
1,0,0,0,0,0,1,0,0,0,15,0.5838318827,1.7225801836,0.9765753824,0.6176808323,0.386197507,1.6171383599,0.9332648355,0.7924742607,0.128504218,0.4144873211,0.8814261751,0.5651393428,1.174207992,1.2560662448,0.4802066322,1.5842111962,1.2503531351,0.366385236,0.3154980894,1.0831545274,0.1523145114,1.3233042415,0.5425771954,15,15,15,15,15,15,15,15,15,15,15,15,15,15,15,15,15,15,15,15,15,15,15
1,0,0,0,0,0,1,0,0,0,30,0.5320151862,0.6381096699,0.8703312949,0.2009702478,0.9868722809,0.4592103347,0.9661152907,0.0691505913,0.6061456291,0.6021164099,0.6340895837,0.0530851689,1.8177918938,0.6242147934,0.3876254541,0.7314967591,1.2417687766,0.9688328562,0.8642197263,0.372414895,1.795930674,0.303686847,0.1516435685,30,30,30,30,30,30,30,30,30,30,30,30,30,30,30,30,30,30,30,30,30,30,30
1,0,0,0,0,0,1,0,0,0,60,0.5990629803,0.0327291355,1.19702001,0.2127940846,0.4208781235,0.3737353867,1.2928197636,1.3648149265,0.704302173,0.0031865816,1.8122518942,1.3305257087,0.1398307773,0.4791729481,1.0974186513,0.0040601528,2.4905801277,1.4723713788,0.1291228963,2.18E-001,0.4478183552,0.9852022397,0.9847982713,60,60,60,60,60,60,60,60,60,60,60,60,60,60,60,60,60,60,60,60,60,60,60
1,0,0,0,0,0,1,0,0,0,120,0.3465274541,0.3045008037,0.2522260425,0.2514325631,0.4758329828,0.2277341717,0.6790674629,1.7672444117,0.2561420866,0.9779409095,0.3342048703,1.5022885362,0.1253245524,0.885308488,0.1130776477,0.4873307687,1.3953911129,1.2063856266,0.2609694863,0.8191358975,1.4881159547,0.3513129003,0.1919577059,120,120,120,120,120,120,120,120,120,120,120,120,120,120,120,120,120,120,120,120,120,120,120
1,0,0,0,0,0,1,0,0,0,240,0.3090676941,0.1327008835,0.4379697082,0.4889875727,1.2698583957,1.4803663874,0.7331829071,0.228974589,1.1425558836,0.338118887,0.3571236336,0.7947937946,1.3526790219,0.3465362559,1.1694783139,1.320493249,1.1264677828,0.273366759,0.8748587318,0.3583404529,0.6033793315,0.7318750718,0.273208507,240,240,240,240,240,240,240,240,240,240,240,240,240,240,240,240,240,240,240,240,240,240,240
