TR:UACC812:CellLine,TR:EGF,TR:FGF1,TR:HGF,TR:IGF1,TR:INSULIN,TR:NRG1,TR:SERUM,TR:AKT_pT308i,TR:MEK1_pS217_S221i,DA:ALL,DV:4EBP1_pS65,DV:AKT_pS473,DV:AKT_pT308,DV:BAD_pS112,DV:c-Met_pY1235,DV:c-Raf_pS338,DV:ER-alpha_pS118,DV:GSK3-alpha-beta_pS21_S9,DV:GSK3-alpha-beta_pS9,DV:HER2_pY1248,DV:HER3_pY1298,DV:JNK_pT183_pT185,DV:MAPK_pT202_Y204,DV:MEK1_pS217_S221,DV:mTOR_pS2448,DV:p70S6K_pT389,DV:p90RSK_pT359_S363,DV:PKC-alpha_pS657,DV:Rb_pS807_S811,DV:Src_pY416,DV:STAT3_pY705,DA:4EBP1_pS65,DA:AKT_pS473,DA:AKT_pT308,DA:BAD_pS112,DA:c-Met_pY1235,DA:c-Raf_pS338,DA:ER-alpha_pS118,DA:GSK3-alpha-beta_pS21_S9,DA:GSK3-alpha-beta_pS9,DA:HER2_pY1248,DA:HER3_pY1298,DA:JNK_pT183_pT185,DA:MAPK_pT202_Y204,DA:MEK1_pS217_S221,DA:mTOR_pS2448,DA:p70S6K_pT389,DA:p90RSK_pT359_S363,DA:PKC-alpha_pS657,DA:Rb_pS807_S811,DA:Src_pY416,DA:STAT3_pY705
1,0,0,0,0,0,0,0,0,0,0,0.5653709748,0.0954490342,0.0881297821,0.6456370756,0.8117888975,0.4286663203,0.6351937228,0.6592854833,0.7429618562,0.5872356699,0.655525701,0.7769148531,0.1405708205,0.1322689954,0.6921708738,0.6312115233,0.3396619134,0.7000006537,0.5115139658,0.4921124863,0.696347442,0,0,0,0,0,0,0,0,0,0,0,0,0,0,0,0,0,0,0,0,0
1,0,0,0,0,0,0,0,0,0,5,0.5590320353,0.0872093672,0.078323687,0.665457208,0.791037273,0.5678556632,0.6310280009,0.6484846153,0.619538702,0.3250526357,0.5234864539,0.810194693,0.4829194756,0.2408513238,0.6271759218,0.629376332,0.4790597916,0.7155618578,0.3925466991,0.3440535284,0.6905434378,5,5,5,5,5,5,5,5,5,5,5,5,5,5,5,5,5,5,5,5,5
1,0,0,0,0,0,0,0,0,0,15,0.4617922324,0.0527062927,0.0504179817,0.6632273187,0.8957956005,0.5882062839,0.6753965424,0.5317322775,0.5551217997,0.249221748,0.5459059654,0.8625590164,0.2100179868,0.1316427261,0.7419071275,0.5149733271,0.5499333463,0.9574269503,0.4301371315,0.4022251734,0.767346897,15,15,15,15,15,15,15,15,15,15,15,15,15,15,15,15,15,15,15,15,15
1,0,0,0,0,0,0,0,0,0,30,0.5467151185,0.0682127492,0.0735490579,0.643275915,0.8730316311,0.489984049,0.5916255756,0.5461422357,0.5459369698,0.3383844621,0.5282852593,0.8073518113,0.1832997225,0.1287302499,0.5759280716,0.5209254896,0.4436299271,0.7973465729,0.4046581794,0.4098352027,0.716908613,30,30,30,30,30,30,30,30,30,30,30,30,30,30,30,30,30,30,30,30,30
1,0,0,0,0,0,0,0,0,0,60,0.5708308245,0.0661029897,0.073943858,0.7465118509,0.8364565093,0.4976334633,0.6070908383,0.5315707535,0.5540416043,0.3675100849,0.5754358288,0.7504065659,0.1543504435,0.1402973501,0.6178349841,0.4540060316,0.4022975986,0.7506820858,0.3556588526,0.4243655305,0.7395316056,60,60,60,60,60,60,60,60,60,60,60,60,60,60,60,60,60,60,60,60,60
1,0,0,0,0,0,0,0,0,0,120,0.4958872502,0.0705920528,0.0889004643,0.668775967,0.8200364671,0.4956807743,0.5851293997,0.5642165995,0.5496292413,0.3393806781,0.6430338448,0.7878417384,0.1756511211,0.1423612247,0.5871435386,0.3427130222,0.381834148,0.7508518124,0.3528763083,0.373449417,0.7473879995,120,120,120,120,120,120,120,120,120,120,120,120,120,120,120,120,120,120,120,120,120
1,0,0,0,0,0,0,0,0,0,240,0.4732967819,0.0596214727,0.0816151695,0.6655373548,0.8888220975,0.4324632503,0.5934566823,0.4467072154,0.4818464507,0.4553919102,0.5472486352,0.7911026862,0.1481567837,0.1272102645,0.3988465404,0.3419120331,0.4195152081,0.6956307685,0.3003544916,0.4347457618,0.8227971879,240,240,240,240,240,240,240,240,240,240,240,240,240,240,240,240,240,240,240,240,240
1,0,0,0,0,0,0,0,1,0,0,0.447932854,0.3938046237,0.409725118,0.5738600963,0.8767844892,0.6396911604,0.6425302004,0.4581024691,0.5185924031,0.2908156961,0.61253795,0.8694046841,0.3581987422,0.2594395646,0.5884596644,0.348422395,0.4269835601,0.8105122595,0.4019439725,0.3479108375,0.7427658938,0,0,0,0,0,0,0,0,0,0,0,0,0,0,0,0,0,0,0,0,0
1,0,0,0,0,0,0,0,1,0,5,0.4840767114,0.4506765373,0.4407245539,0.6086264119,0.8078757755,0.5335508535,0.6082047612,0.4719908684,0.4632761159,0.2582042061,0.5473552173,0.818362902,0.4824597376,0.2707878356,0.5268859914,0.384580346,0.4859368111,0.803210459,0.3570671823,0.3579564891,0.7465551986,5,5,5,5,5,5,5,5,5,5,5,5,5,5,5,5,5,5,5,5,5
1,0,0,0,0,0,0,0,1,0,15,0.4576855186,0.4135872125,0.3896559339,0.5982582067,0.8054086709,0.5653357891,0.5881532146,0.4067244988,0.4377346037,0.2427965432,0.5730194691,0.7788941489,0.2375645556,0.1405145473,0.5992781864,0.3287637255,0.5639554176,0.8854663429,0.3975022928,0.3376781924,0.7111903925,15,15,15,15,15,15,15,15,15,15,15,15,15,15,15,15,15,15,15,15,15
1,0,0,0,0,0,0,0,1,0,30,0.5483390529,0.5178014572,0.4908555916,0.5562108595,0.7669138476,0.5196294374,0.5433572943,0.4465176094,0.4452141635,0.3529587807,0.5699052119,0.7122410454,0.191977471,0.1442553525,0.5272947719,0.3316332752,0.4473302428,0.7770836309,0.4289665075,0.3495291929,0.6704846444,30,30,30,30,30,30,30,30,30,30,30,30,30,30,30,30,30,30,30,30,30
1,0,0,0,0,0,0,0,1,0,60,0.5074278444,0.4121816193,0.3886181316,0.5407997548,0.8166289358,0.5562095079,0.570799456,0.4168688872,0.4830133607,0.2883906712,0.6230164262,0.6923677821,0.1615239062,0.1580411752,0.6452700703,0.3103752253,0.4181180734,0.7743514168,0.3880673914,0.3872009797,0.7202301002,60,60,60,60,60,60,60,60,60,60,60,60,60,60,60,60,60,60,60,60,60
1,0,0,0,0,0,0,0,1,0,120,0.5672721698,0.3590017381,0.35383866,0.5472951271,0.8625934211,0.4582620263,0.544659862,0.416163008,0.4182099244,0.3135610698,0.6207775061,0.801643249,0.1879791452,0.1587618588,0.4131587453,0.3105114257,0.3982247443,0.7699939914,0.3507726625,0.3573206968,0.7543437353,120,120,120,120,120,120,120,120,120,120,120,120,120,120,120,120,120,120,120,120,120
1,0,0,0,0,0,0,0,1,0,240,0.4645350029,0.2860446065,0.2717689088,0.5318836382,0.8667194334,0.4193396962,0.6040732896,0.3791323949,0.427578998,0.3609602826,0.5726379961,0.8189643475,0.1640528162,0.1318839323,0.3592741112,0.2841624483,0.4097731883,0.7465370441,0.295911478,0.4105463913,0.7992673341,240,240,240,240,240,240,240,240,240,240,240,240,240,240,240,240,240,240,240,240,240
1,0,0,0,0,1,0,0,0,0,0,0.5653709748,0.0954490342,0.0881297821,0.6456370756,0.8117888975,0.4286663203,0.6351937228,0.6592854833,0.7429618562,0.5872356699,0.655525701,0.7769148531,0.1405708205,0.1322689954,0.6921708738,0.6312115233,0.3396619134,0.7000006537,0.5115139658,0.4921124863,0.696347442,0,0,0,0,0,0,0,0,0,0,0,0,0,0,0,0,0,0,0,0,0
1,0,0,0,0,1,0,0,0,0,5,0.4782312265,0.0800696049,0.0665867993,0.7720034026,0.8246344559,0.673763084,0.6911238949,0.6359804953,0.6255218828,0.1615850918,0.4602222349,0.8918830571,0.5380982179,0.3433170979,0.7032030584,0.7078450027,0.5178792981,0.779731186,0.4352747777,0.2957365979,0.7189408578,5,5,5,5,5,5,5,5,5,5,5,5,5,5,5,5,5,5,5,5,5
1,0,0,0,0,1,0,0,0,0,15,0.6472327732,0.0662755316,0.0670697019,0.6703693497,0.8037142747,0.4795711461,0.6351741427,0.6563469864,0.5064296791,0.3745584022,0.4540112875,0.6642619373,0.181407285,0.1394737236,0.6223235727,0.6371193047,0.466023074,0.5726425369,0.6765498547,0.2669149082,0.6590487026,15,15,15,15,15,15,15,15,15,15,15,15,15,15,15,15,15,15,15,15,15
1,0,0,0,0,1,0,0,0,0,30,0.4817795358,0.0717251163,0.0724269567,0.7068570295,0.8113068299,0.5621443207,0.6139845434,0.5639278853,0.6004346743,0.2264916095,0.4706294403,0.8639434584,0.2203238435,0.1667187806,0.6134429564,0.6104145623,0.4950208895,0.794756241,0.4030632264,0.3394121837,0.7534294578,30,30,30,30,30,30,30,30,30,30,30,30,30,30,30,30,30,30,30,30,30
1,0,0,0,0,1,0,0,0,0,60,0.5049616431,0.0707197784,0.0768632194,0.6205686781,0.8416323789,0.5440070654,0.6200346574,0.5494445897,0.5541712031,0.2382793518,0.5012537521,0.7470573694,0.147289655,0.1327348422,0.641291976,0.5238478831,0.4187731487,0.7561563325,0.4608549285,0.4210793057,0.7139959065,60,60,60,60,60,60,60,60,60,60,60,60,60,60,60,60,60,60,60,60,60
1,0,0,0,0,1,0,0,0,0,120,0.5325819039,0.0699609282,0.0805609889,0.5784316794,0.8593045726,0.6798690441,0.6780338307,0.4966058293,0.5567232425,0.3254997903,0.544660595,0.8784653167,0.1359657113,0.1324905604,0.6302029853,0.4668274194,0.3646847536,0.903835711,0.5404806832,0.5433616255,0.7982002503,120,120,120,120,120,120,120,120,120,120,120,120,120,120,120,120,120,120,120,120,120
1,0,0,0,0,1,0,0,0,0,240,0.5769887181,0.4317027164,0.4755041668,0.5006283742,0.8824829446,0.657303032,0.7092545456,0.5405213751,0.5170759929,0.3956020423,0.6612302819,0.8828550401,0.1877488582,0.1571537195,0.6188355721,0.341888559,0.4168835124,0.9439276866,0.605165033,0.5920690756,0.8260404387,240,240,240,240,240,240,240,240,240,240,240,240,240,240,240,240,240,240,240,240,240
1,1,0,0,0,0,0,0,0,0,0,0.5653709748,0.0954490342,0.0881297821,0.6456370756,0.8117888975,0.4286663203,0.6351937228,0.6592854833,0.7429618562,0.5872356699,0.655525701,0.7769148531,0.1405708205,0.1322689954,0.6921708738,0.6312115233,0.3396619134,0.7000006537,0.5115139658,0.4921124863,0.696347442,0,0,0,0,0,0,0,0,0,0,0,0,0,0,0,0,0,0,0,0,0
1,1,0,0,0,0,0,0,0,0,5,0.5448584563,0.0710465002,0.0686848376,0.7719524248,0.7997960123,0.5303285876,0.6241539751,0.5743363257,0.5928962193,0.1669226632,0.4730638665,0.8814425109,0.5927473965,0.3621080458,0.5331157102,0.6641118902,0.5354286639,0.8139810414,0.3649698871,0.2718177337,0.7396831599,5,5,5,5,5,5,5,5,5,5,5,5,5,5,5,5,5,5,5,5,5
1,1,0,0,0,0,0,0,0,0,15,0.4617471989,0.053946633,0.0579327908,0.7191599455,0.8454530402,0.5730565865,0.608531202,0.5012235764,0.5324991304,0.1947722376,0.4635635746,0.8465774843,0.2761318417,0.1749329478,0.6831820578,0.5696592574,0.5524604405,0.8486435239,0.434829002,0.3256344286,0.7223598525,15,15,15,15,15,15,15,15,15,15,15,15,15,15,15,15,15,15,15,15,15
1,1,0,0,0,0,0,0,0,0,30,0.5576228298,0.0705681918,0.0697094273,0.7008508552,0.7321676972,0.564407978,0.5911452044,0.6054510223,0.6148242266,0.2354073653,0.5040479112,0.7492001713,0.2665936717,0.2113136678,0.7034657569,0.724282153,0.4818648509,0.7841183658,0.5034455607,0.3704994684,0.6798686029,30,30,30,30,30,30,30,30,30,30,30,30,30,30,30,30,30,30,30,30,30
1,1,0,0,0,0,0,0,0,0,60,0.4893204155,0.0636416677,0.0712584423,0.6452819187,0.8406491598,0.5459171256,0.578102655,0.5522623663,0.5526033711,0.2304868192,0.4889971116,0.7748277089,0.1910236452,0.1592872357,0.7039018452,0.5086875489,0.4666777398,0.7784382576,0.4500231568,0.3831991364,0.7046626336,60,60,60,60,60,60,60,60,60,60,60,60,60,60,60,60,60,60,60,60,60
1,1,0,0,0,0,0,0,0,0,120,0.4697120006,0.0650612891,0.0835136373,0.5919817496,0.9155060291,0.6233416601,0.6482934261,0.5085665139,0.5497250463,0.2686853073,0.5100792478,0.9097858878,0.1764725573,0.144998306,0.6578855856,0.4508653688,0.4664949762,0.9045220331,0.4956570335,0.4567815373,0.8134256032,120,120,120,120,120,120,120,120,120,120,120,120,120,120,120,120,120,120,120,120,120
1,1,0,0,0,0,0,0,0,0,240,0.6056039024,0.0691884815,0.0805955696,0.5555631719,0.83162125,0.5009026018,0.6413185153,0.5371173426,0.5607216608,0.3450083596,0.5571056008,0.8351291298,0.1980547894,0.1961815924,0.5203110473,0.4385282523,0.3971113545,0.8082544038,0.4782082507,0.5273152961,0.7818060377,240,240,240,240,240,240,240,240,240,240,240,240,240,240,240,240,240,240,240,240,240
1,0,1,0,0,0,0,0,1,0,0,0.5653709748,0.0954490342,0.0881297821,0.6456370756,0.8117888975,0.4286663203,0.6351937228,0.6592854833,0.7429618562,0.5872356699,0.655525701,0.7769148531,0.1405708205,0.1322689954,0.6921708738,0.6312115233,0.3396619134,0.7000006537,0.5115139658,0.4921124863,0.696347442,0,0,0,0,0,0,0,0,0,0,0,0,0,0,0,0,0,0,0,0,0
1,0,1,0,0,0,0,0,1,0,5,0.4375752063,0.486077073,0.4589946682,0.6224010639,0.8470126937,0.693704362,0.749558058,0.5021624725,0.5254344343,0.1814843299,0.5849752224,0.8755807579,0.6032958215,0.2900617221,0.6396921507,0.4147082412,0.5148208461,0.8378323079,0.3955840239,0.3180261272,0.787303069,5,5,5,5,5,5,5,5,5,5,5,5,5,5,5,5,5,5,5,5,5
1,0,1,0,0,0,0,0,1,0,15,0.4345724251,0.4357697767,0.4511340846,0.6949770442,0.8805252573,0.713341365,0.7253205812,0.4557611635,0.4846055191,0.1568516947,0.5696144387,0.8383296216,0.2707708051,0.1954971734,0.696976974,0.3998017093,0.5661847306,0.8770505393,0.4887066324,0.3139194419,0.7726754301,15,15,15,15,15,15,15,15,15,15,15,15,15,15,15,15,15,15,15,15,15
1,0,1,0,0,0,0,0,1,0,30,0.4526918825,0.4515014191,0.4220306897,0.6401476641,0.8634151997,0.7156511552,0.7012138779,0.4664537061,0.519775819,0.1890133193,0.5399070215,0.8193194974,0.3213591017,0.2155096676,0.6478377832,0.4249327665,0.5240812125,0.8043345227,0.4400655057,0.3359170566,0.7137356518,30,30,30,30,30,30,30,30,30,30,30,30,30,30,30,30,30,30,30,30,30
1,0,1,0,0,0,0,0,1,0,60,0.4531339523,0.4647669718,0.4264818942,0.583172497,0.7456885337,0.589767338,0.5873987986,0.4762683713,0.5274951347,0.2283356207,0.5242056396,0.6830799144,0.2521533775,0.1884193202,0.638728622,0.415568281,0.4328112236,0.6946406497,0.4668931496,0.3489754337,0.6319434134,60,60,60,60,60,60,60,60,60,60,60,60,60,60,60,60,60,60,60,60,60
1,0,1,0,0,0,0,0,1,0,120,0.4261016319,0.3980428412,0.3679454264,0.5915045021,0.9061976245,0.7347334095,0.7213427822,0.397280917,0.44966201,0.2403728473,0.5123335169,0.8474414424,0.2239247905,0.1643377609,0.6309902944,0.3833868938,0.5120189294,0.9352320688,0.5004666978,0.4426081402,0.81093542,120,120,120,120,120,120,120,120,120,120,120,120,120,120,120,120,120,120,120,120,120
1,0,1,0,0,0,0,0,1,0,240,0.5064146005,0.3983137765,0.4148849825,0.5367869636,0.8882385769,0.6187562964,0.7077801179,0.4850138552,0.4799803456,0.3732388498,0.5907650044,0.8076996235,0.2094659536,0.1822807982,0.6881025951,0.3700103275,0.4509246981,0.9178035821,0.5575515861,0.4698578558,0.7560574419,240,240,240,240,240,240,240,240,240,240,240,240,240,240,240,240,240,240,240,240,240
1,0,0,0,1,0,0,0,0,0,0,0.5653709748,0.0954490342,0.0881297821,0.6456370756,0.8117888975,0.4286663203,0.6351937228,0.6592854833,0.7429618562,0.5872356699,0.655525701,0.7769148531,0.1405708205,0.1322689954,0.6921708738,0.6312115233,0.3396619134,0.7000006537,0.5115139658,0.4921124863,0.696347442,0,0,0,0,0,0,0,0,0,0,0,0,0,0,0,0,0,0,0,0,0
1,0,0,0,1,0,0,0,0,0,5,0.4969980523,0.0944783716,0.0815155421,0.679631777,0.8603134835,0.7098769423,0.703484391,0.6247393104,0.6338983132,0.2006448779,0.540836748,0.8685571772,0.5413399333,0.315883249,0.7127076275,0.7366783537,0.495686372,0.8051599632,0.4309264043,0.3101038024,0.7333870542,5,5,5,5,5,5,5,5,5,5,5,5,5,5,5,5,5,5,5,5,5
1,0,0,0,1,0,0,0,0,0,15,0.4693967413,0.0603174835,0.0546411022,0.7526148978,0.8391579206,0.6172273394,0.6659159798,0.5380491274,0.5614247156,0.2107536413,0.5059801987,0.8641884513,0.224142245,0.1631535771,0.7320897736,0.6523622992,0.5327980371,0.8095073706,0.4869489964,0.3150808513,0.7541807979,15,15,15,15,15,15,15,15,15,15,15,15,15,15,15,15,15,15,15,15,15
1,0,0,0,1,0,0,0,0,0,30,0.4773168191,0.0786725121,0.0733761298,0.6969333091,0.9244914197,0.6292612108,0.6485036682,0.566705811,0.615861212,0.2673174635,0.5195602669,0.8632792852,0.2143415402,0.1562273132,0.6940538492,0.5966126808,0.4638072276,0.8018587679,0.4350687327,0.3680341542,0.8073644283,30,30,30,30,30,30,30,30,30,30,30,30,30,30,30,30,30,30,30,30,30
1,0,0,0,1,0,0,0,0,0,60,0.5149818271,0.0793102922,0.0802077705,0.6094641697,0.8854856723,0.6088631669,0.671459386,0.6485326088,0.676185592,0.3490800013,0.5349021511,0.8145214424,0.1496931583,0.1315936968,0.7594628073,0.6193484528,0.4089070217,0.845013358,0.5047541973,0.4383850082,0.7581780745,60,60,60,60,60,60,60,60,60,60,60,60,60,60,60,60,60,60,60,60,60
1,0,0,0,1,0,0,0,0,0,120,0.5522164987,0.0824122045,0.141518916,0.4920297139,0.7865824275,0.483369815,0.6614028868,0.624802849,0.6283774133,0.507470046,0.5544531476,0.7386708403,0.1186486903,0.1248925329,0.6807742442,0.4800255324,0.3402572359,0.7893110277,0.6065964774,0.5424820003,0.691819484,120,120,120,120,120,120,120,120,120,120,120,120,120,120,120,120,120,120,120,120,120
1,0,0,0,1,0,0,0,0,0,240,0.5376902087,0.08751556,0.101872552,0.5122983934,0.8641276,0.5935642088,0.683984127,0.5443589727,0.6067375315,0.5294441067,0.607187685,0.8562753806,0.1623263267,0.1449686475,0.6852343045,0.4299401581,0.3730057474,0.8610175308,0.5576894488,0.53799582,0.7540353935,240,240,240,240,240,240,240,240,240,240,240,240,240,240,240,240,240,240,240,240,240
1,0,1,0,0,0,0,0,0,0,0,0.5653709748,0.0954490342,0.0881297821,0.6456370756,0.8117888975,0.4286663203,0.6351937228,0.6592854833,0.7429618562,0.5872356699,0.655525701,0.7769148531,0.1405708205,0.1322689954,0.6921708738,0.6312115233,0.3396619134,0.7000006537,0.5115139658,0.4921124863,0.696347442,0,0,0,0,0,0,0,0,0,0,0,0,0,0,0,0,0,0,0,0,0
1,0,1,0,0,0,0,0,0,0,5,0.5087351007,0.1028585442,0.0864504306,0.6971119815,0.9196860336,0.7715408437,0.7844520447,0.651913131,0.694685196,0.1983753307,0.56909885,0.8818684838,0.6504309253,0.3334085768,0.7152831278,0.76519488,0.484572604,0.7687415945,0.4381909372,0.3196995572,0.730173604,5,5,5,5,5,5,5,5,5,5,5,5,5,5,5,5,5,5,5,5,5
1,0,1,0,0,0,0,0,0,0,15,0.449568113,0.0557218202,0.0587143566,0.7463749775,0.9885643657,0.7395150386,0.7109629344,0.5639163683,0.5292249186,0.1843409597,0.5522599782,0.8159728442,0.2611227382,0.1702675664,0.7431824449,0.6645259352,0.5524856069,0.838321677,0.5102284664,0.2936427283,0.7903896784,15,15,15,15,15,15,15,15,15,15,15,15,15,15,15,15,15,15,15,15,15
1,0,1,0,0,0,0,0,0,0,30,0.5741577511,0.0773262742,0.0686803179,0.7120388942,0.8299878536,0.5914667529,0.6757109095,0.6472211309,0.6274702089,0.2837643098,0.5249273773,0.7882310011,0.2981802419,0.187438734,0.5942893502,0.7339847352,0.4769913115,0.7531915441,0.5064990924,0.3579315642,0.7796772844,30,30,30,30,30,30,30,30,30,30,30,30,30,30,30,30,30,30,30,30,30
1,0,1,0,0,0,0,0,0,0,60,0.513043589,0.0736357208,0.0792938999,0.6476789297,0.8255038566,0.6766497223,0.6000808209,0.5948011917,0.6566503533,0.2574870104,0.5069647283,0.7344619044,0.2537405926,0.1863495676,0.9540272512,0.6764308295,0.4627101583,0.735638715,0.5106883518,0.356126793,0.7378392527,60,60,60,60,60,60,60,60,60,60,60,60,60,60,60,60,60,60,60,60,60
1,0,1,0,0,0,0,0,0,0,120,0.6510791535,0.0754774044,0.0799567759,0.6417892465,0.8688616822,0.7530916448,0.7426672936,0.6563465655,0.5926188161,0.3663793988,0.5103439193,0.7991710965,0.1930658756,0.157676844,0.6776846346,0.6564711168,0.4606527788,0.893248303,0.7883275972,0.5335617859,0.7521983856,120,120,120,120,120,120,120,120,120,120,120,120,120,120,120,120,120,120,120,120,120
1,0,1,0,0,0,0,0,0,0,240,0.4645350029,0.0575832268,0.0716034074,0.6396237749,0.9267371333,0.6610251496,0.6890774009,0.5501265318,0.5653263176,0.3159906973,0.4669847618,0.9525164592,0.2204733728,0.170058859,0.6862772108,0.4547254075,0.5238882733,1,0.5267025611,0.4142458003,0.8716930569,240,240,240,240,240,240,240,240,240,240,240,240,240,240,240,240,240,240,240,240,240
1,0,0,1,0,0,0,0,1,0,0,0.5653709748,0.0954490342,0.0881297821,0.6456370756,0.8117888975,0.4286663203,0.6351937228,0.6592854833,0.7429618562,0.5872356699,0.655525701,0.7769148531,0.1405708205,0.1322689954,0.6921708738,0.6312115233,0.3396619134,0.7000006537,0.5115139658,0.4921124863,0.696347442,0,0,0,0,0,0,0,0,0,0,0,0,0,0,0,0,0,0,0,0,0
1,0,0,1,0,0,0,0,1,0,5,0.4717684851,0.4904934571,0.4380999091,0.5389814647,0.8391249637,0.5768306984,0.6229988462,0.470126542,0.4520471502,0.2154645413,0.5703216242,0.772754609,0.459138516,0.2249524927,0.5686413998,0.3124015133,0.481813528,0.7996082671,0.3840241408,0.3815972096,0.7128639951,5,5,5,5,5,5,5,5,5,5,5,5,5,5,5,5,5,5,5,5,5
1,0,0,1,0,0,0,0,1,0,15,0.4950346146,0.4155954309,0.3784807647,0.5884355843,0.8171331281,0.5139071694,0.6041045614,0.4390986494,0.4540345284,0.2012684629,0.5454079166,0.7449829967,0.2446371873,0.1418698469,0.5603407783,0.3341346622,0.5094401107,0.7363118777,0.3887515944,0.3553574713,0.6983485847,15,15,15,15,15,15,15,15,15,15,15,15,15,15,15,15,15,15,15,15,15
1,0,0,1,0,0,0,0,1,0,30,0.5030179435,0.4659424898,0.4891890393,0.5072324125,0.8374485964,0.5353596942,0.6116528791,0.4729055438,0.4580594834,0.2665990774,0.5638873222,0.6929948846,0.2180422554,0.1511410927,0.573164492,0.3449773485,0.4724927444,0.7942910929,0.4297933832,0.3580958526,0.6589489135,30,30,30,30,30,30,30,30,30,30,30,30,30,30,30,30,30,30,30,30,30
1,0,0,1,0,0,0,0,1,0,60,0.4486980856,0.3878181685,0.4066397107,0.5122926272,0.8687884324,0.5041079931,0.6285693266,0.4181339807,0.4574874297,0.2281660523,0.5824307787,0.7444872482,0.1613018043,0.1373108852,0.5603744755,0.271035163,0.4364825799,0.7949444502,0.3624608776,0.3516936778,0.7102143651,60,60,60,60,60,60,60,60,60,60,60,60,60,60,60,60,60,60,60,60,60
1,0,0,1,0,0,0,0,1,0,120,0.4909889314,0.324178541,0.3453816999,0.4736841828,0.9039381132,0.478799274,0.6063470102,0.4319979331,0.4487582629,0.2281317945,0.5697117458,0.8064774381,0.1687221546,0.1653575567,0.5628183649,0.2674496301,0.3812019338,0.8139108813,0.361140932,0.410805349,0.7700111395,120,120,120,120,120,120,120,120,120,120,120,120,120,120,120,120,120,120,120,120,120
1,0,0,1,0,0,0,0,1,0,240,0.4630397952,0.256811797,0.2591461906,0.4486723954,0.959581382,0.3551585557,0.5743843837,0.3471901726,0.3693062074,0.3498971955,0.4833700639,0.8304813813,0.1617339291,0.148124779,0.3143717223,0.2715972546,0.4216571867,0.6247542325,0.2506394126,0.3934352993,0.7253311456,240,240,240,240,240,240,240,240,240,240,240,240,240,240,240,240,240,240,240,240,240
1,0,0,0,0,0,1,0,1,0,0,0.5653709748,1,1,0.6456370756,0.8117888975,0.4286663203,0.6351937228,0.6592854833,0.7429618562,0.5872356699,0.655525701,0.7769148531,0.1405708205,0.1322689954,0.6921708738,0.6312115233,0.3396619134,0.7000006537,0.5115139658,0.4921124863,0.696347442,0,0,0,0,0,0,0,0,0,0,0,0,0,0,0,0,0,0,0,0,0
1,0,0,0,0,0,1,0,1,0,5,0.5418757232,0.6511145027,0.6265969969,0.4988139673,0.6831996939,0.6063531277,0.6145747936,0.629728386,0.6049177113,0.2743078296,0.8270234402,0.6598484397,1,0.6819638385,0.5077920358,0.3967627673,0.4821276604,0.6552236958,0.4822206194,0.4025014144,0.5609973823,5,5,5,5,5,5,5,5,5,5,5,5,5,5,5,5,5,5,5,5,5
1,0,0,0,0,0,1,0,1,0,15,0.4180182791,0.5293017535,0.5395943727,0.8121062077,0.7966491746,0.6742037924,0.6563132564,0.6019519393,0.6088839138,0.1199921891,0.7031364195,0.872744724,0.8734542176,0.5665873148,0.6340273905,0.462392836,0.8817957256,0.8459144409,0.4055986978,0.3125809423,0.6806987507,15,15,15,15,15,15,15,15,15,15,15,15,15,15,15,15,15,15,15,15,15
1,0,0,0,0,0,1,0,1,0,30,0.4525632768,0.505080194,0.5901071965,0.8265940765,0.8006262877,0.6313825258,0.6386444402,0.6617148751,0.6212598723,0.1266851389,0.6703272264,0.8303371124,0.9031364936,0.5738850689,0.6163257977,0.5890018688,0.9051775478,0.8358464646,0.4735148067,0.2601687044,0.6478397364,30,30,30,30,30,30,30,30,30,30,30,30,30,30,30,30,30,30,30,30,30
1,0,0,0,0,0,1,0,1,0,60,0.4699188807,0.5501144168,0.5860666025,0.837509755,0.8153136513,0.6292139325,0.5991954584,0.6319538452,0.6327050244,0.1145701564,0.7386565409,0.8089759272,0.7450756094,0.5177027743,0.6531355343,0.6468556316,0.848462633,0.8579241971,0.4381479893,0.2620329565,0.6629250263,60,60,60,60,60,60,60,60,60,60,60,60,60,60,60,60,60,60,60,60,60
1,0,0,0,0,0,1,0,1,0,120,0.5237915081,0.4826539719,0.5971653547,0.814049346,0.8149961442,0.6112453285,0.5958275379,0.6264096541,0.6009000586,0.1123786941,0.7719830474,0.7507051703,0.5913130971,0.4217898513,0.625776126,0.7393797688,0.7907299196,0.7101031159,0.4568208533,0.2561709561,0.5978915324,120,120,120,120,120,120,120,120,120,120,120,120,120,120,120,120,120,120,120,120,120
1,0,0,0,0,0,1,0,1,0,240,0.5309594229,0.5733476768,0.5494706702,0.7854424325,0.8954250457,0.572093105,0.5994581198,0.561811551,0.5537299858,0.1548994667,0.6828872765,0.7824635912,0.3969736761,0.3513354839,0.5180338884,0.6878116184,0.7035958262,0.7632506276,0.4377300086,0.2676926027,0.7574769506,240,240,240,240,240,240,240,240,240,240,240,240,240,240,240,240,240,240,240,240,240
1,0,0,1,0,0,0,0,0,0,0,0.5653709748,0.0954490342,0.0881297821,0.6456370756,0.8117888975,0.4286663203,0.6351937228,0.6592854833,0.7429618562,0.5872356699,0.655525701,0.7769148531,0.1405708205,0.1322689954,0.6921708738,0.6312115233,0.3396619134,0.7000006537,0.5115139658,0.4921124863,0.696347442,0,0,0,0,0,0,0,0,0,0,0,0,0,0,0,0,0,0,0,0,0
1,0,0,1,0,0,0,0,0,0,5,0.4862411063,0.0769144279,0.0618892736,0.6114176842,0.8039028771,0.5371879614,0.62509468,0.650644257,0.5801600795,0.2275969263,0.544914409,0.8314967343,0.4824991575,0.2255822018,0.6135464134,0.5685765358,0.4727353716,0.794822702,0.4001427,0.337591926,0.6979107124,5,5,5,5,5,5,5,5,5,5,5,5,5,5,5,5,5,5,5,5,5
1,0,0,1,0,0,0,0,0,0,15,0.4845149354,0.0749417825,0.0643791364,0.6335575343,0.7769643062,0.5711605611,0.6827246639,0.5668213916,0.6014662822,0.325689168,0.6140078672,0.8893627336,0.16504401,0.1502703862,0.7247580458,0.5861948395,0.4039675534,0.7365393149,0.4907444409,0.4124249975,0.7294412542,15,15,15,15,15,15,15,15,15,15,15,15,15,15,15,15,15,15,15,15,15
1,0,0,1,0,0,0,0,0,0,30,0.53087707,0.068967816,0.0718133664,0.6091704926,0.9008027621,0.5083383253,0.6150323141,0.5598113559,0.5499043342,0.2944689047,0.4918487842,0.7383313959,0.1825813477,0.1283380062,0.6668362595,0.524073837,0.4868871559,0.8391847855,0.434797364,0.3477139361,0.7114234587,30,30,30,30,30,30,30,30,30,30,30,30,30,30,30,30,30,30,30,30,30
1,0,0,1,0,0,0,0,0,0,60,0.4857653983,0.0636486314,0.0757240332,0.5841342126,0.8242306452,0.5300760404,0.632291007,0.5619751317,0.5730505172,0.3228903333,0.5385821174,0.7473090383,0.1407356119,0.1216710413,0.6735864671,0.4585813005,0.3988721272,0.842361396,0.3883509295,0.4223619962,0.7125557196,60,60,60,60,60,60,60,60,60,60,60,60,60,60,60,60,60,60,60,60,60
1,0,0,1,0,0,0,0,0,0,120,0.5108949,0.0567077644,0.0803064222,0.5091772597,0.8638695119,0.4353161529,0.5909476132,0.579051379,0.5343210383,0.26313875,0.5618194489,0.8021852401,0.1464267263,0.130217386,0.5644733661,0.3460714482,0.3895776836,0.7339779373,0.3389434187,0.4232540219,0.7673076763,120,120,120,120,120,120,120,120,120,120,120,120,120,120,120,120,120,120,120,120,120
1,0,0,1,0,0,0,0,0,0,240,0.4907677299,0.0568881734,0.0697237165,0.5435813603,0.8765518449,0.4005674732,0.6330558369,0.4497136984,0.4741386076,0.3406921971,0.5186253872,0.866752158,0.1498740582,0.137445679,0.3669162428,0.3460968542,0.4095940686,0.7370262523,0.2756885013,0.4321646263,0.8058528727,240,240,240,240,240,240,240,240,240,240,240,240,240,240,240,240,240,240,240,240,240
1,0,0,0,0,0,1,0,0,0,0,0.5653709748,0.0954490342,0.0881297821,0.6456370756,0.8117888975,0.4286663203,0.6351937228,0.6592854833,0.7429618562,0.5872356699,0.655525701,0.7769148531,0.1405708205,0.1322689954,0.6921708738,0.6312115233,0.3396619134,0.7000006537,0.5115139658,0.4921124863,0.696347442,0,0,0,0,0,0,0,0,0,0,0,0,0,0,0,0,0,0,0,0,0
1,0,0,0,0,0,1,0,0,0,5,0.4788250894,0.1456930467,0.1285490249,0.6598354657,0.7785729914,0.6407406485,0.6482111281,0.709491577,0.6891193692,0.218734806,0.7067470195,0.87403007,0.8121458436,0.5193344003,0.6302695284,0.5990591219,0.5854857546,0.7884531675,0.3694415142,0.3284167394,0.6831589805,5,5,5,5,5,5,5,5,5,5,5,5,5,5,5,5,5,5,5,5,5
1,0,0,0,0,0,1,0,0,0,15,0.4461655237,0.2075956172,0.1528775229,0.7231550008,0.7509932575,0.6024398409,0.6814925159,0.652551843,0.6759082313,0.1323745588,0.6402489125,0.8080942582,0.8678758424,0.84378058,0.7876315309,0.5867404216,0.5948480117,0.8025793364,0.3870138417,0.2673744066,0.670619646,15,15,15,15,15,15,15,15,15,15,15,15,15,15,15,15,15,15,15,15,15
1,0,0,0,0,0,1,0,0,0,30,0.506703144,0.2366029669,0.1986623984,0.9272445052,0.780112979,0.6525421168,0.6477774985,0.7982526998,0.793075374,0.1295994727,0.7167242334,0.8881161954,0.9025887414,0.6321321201,0.6886976781,0.8774248916,0.9441877133,0.739061038,0.4912019386,0.2762442743,0.6494255492,30,30,30,30,30,30,30,30,30,30,30,30,30,30,30,30,30,30,30,30,30
1,0,0,0,0,0,1,0,0,0,60,0.4621223408,0.2688493693,0.2009887896,0.9032571607,0.8501413796,0.6372522966,0.6401213633,0.8019736745,0.7700454545,0.1203518993,0.6866044101,0.8784347606,0.6751918459,0.4397150516,0.7754119389,0.8276098764,0.9761791186,0.8821235803,0.4596399588,0.2659617993,0.7137134987,60,60,60,60,60,60,60,60,60,60,60,60,60,60,60,60,60,60,60,60,60
1,0,0,0,0,0,1,0,0,0,120,0.56078834,0.2647353973,0.2179916619,0.90717556,0.778390544,0.6066405762,0.5546854362,0.8197644614,0.7906603985,0.1216195998,0.7520783237,0.7781210813,0.4845245979,0.3878796901,0.6292178693,0.9171142539,0.8059469953,0.6932154144,0.4580287141,0.2415885685,0.6267757755,120,120,120,120,120,120,120,120,120,120,120,120,120,120,120,120,120,120,120,120,120
1,0,0,0,0,0,1,0,0,0,240,0.5302334039,0.1688062376,0.1265423748,0.9148202482,0.8446287783,0.5273460923,0.5809498678,0.6380096343,0.6101040669,0.1570647011,0.5476133341,0.8916777209,0.2959831986,0.2904383972,0.398041001,0.8139823406,0.6588782782,0.6857428614,0.3724811471,0.2851976877,0.8184224738,240,240,240,240,240,240,240,240,240,240,240,240,240,240,240,240,240,240,240,240,240
1,0,0,0,0,0,0,1,1,0,0,0.5653709748,0.0954490342,0.0881297821,0.6456370756,0.8117888975,0.4286663203,0.6351937228,0.6592854833,0.7429618562,0.5872356699,0.655525701,0.7769148531,0.1405708205,0.1322689954,0.6921708738,0.6312115233,0.3396619134,0.7000006537,0.5115139658,0.4921124863,0.696347442,0,0,0,0,0,0,0,0,0,0,0,0,0,0,0,0,0,0,0,0,0
1,0,0,0,0,0,0,1,1,0,5,0.4378818533,0.3895277136,0.3881154366,0.5991914594,0.8240711169,0.586416212,0.6234441979,0.4559634345,0.4937924493,0.2036842621,0.5456412975,0.8135432269,0.5473443042,0.2828013439,0.5942688463,0.3652892865,0.5312969439,0.7590604297,0.3695532989,0.3187277426,0.70286625,5,5,5,5,5,5,5,5,5,5,5,5,5,5,5,5,5,5,5,5,5
1,0,0,0,0,0,0,1,1,0,15,0.4779529103,0.3460739626,0.347344504,0.6295980834,0.8485987346,0.5618349273,0.5742617371,0.4432755648,0.4642104686,0.3158035398,0.6299729828,0.8473414003,0.2960723539,0.1513080036,0.630211724,0.3843622304,0.5867309865,0.8494258201,0.3986544429,0.4249529662,0.7497405454,15,15,15,15,15,15,15,15,15,15,15,15,15,15,15,15,15,15,15,15,15
1,0,0,0,0,0,0,1,1,0,30,0.4798966627,0.4070032484,0.3913497439,0.5857344698,0.8174021195,0.5058625633,0.5099882453,0.5071158787,0.4780565496,0.3147735116,0.5904719037,0.7623983212,0.2636971764,0.1552357768,0.5736976831,0.4084992663,0.5402940363,0.814695016,0.4812803828,0.3226343782,0.7148683252,30,30,30,30,30,30,30,30,30,30,30,30,30,30,30,30,30,30,30,30,30
1,0,0,0,0,0,0,1,1,0,60,0.5221450208,0.3527647609,0.3756055933,0.5983003139,0.8004415976,0.5069670674,0.5136156641,0.4700936224,0.4995975047,0.2742054918,0.6152723081,0.7022419616,0.2014623347,0.1615472035,0.5204098171,0.4284805963,0.4611703207,0.7395751947,0.4091875673,0.3618157951,0.7030898597,60,60,60,60,60,60,60,60,60,60,60,60,60,60,60,60,60,60,60,60,60
1,0,0,0,0,0,0,1,1,0,120,0.5596821882,0.3442119099,0.3533684694,0.5538243666,0.8560182373,0.4800126121,0.6103273447,0.49344557,0.4716607254,0.3545156345,0.6945546567,0.8124862918,0.196232732,0.1669630225,0.4920479288,0.4037708804,0.4392927281,0.7375665681,0.3778586227,0.4438576188,0.7968313623,120,120,120,120,120,120,120,120,120,120,120,120,120,120,120,120,120,120,120,120,120
1,0,0,0,0,0,0,1,1,0,240,0.5041382615,0.2814487564,0.2722877799,0.5969035747,0.8809640711,0.4357616674,0.6552640448,0.4436018337,0.4359228879,0.4790989391,0.5947346428,0.847615337,0.1795782827,0.1432851681,0.3969449417,0.4130199702,0.4631723371,0.7403174841,0.3131922116,0.4743306262,0.8572894747,240,240,240,240,240,240,240,240,240,240,240,240,240,240,240,240,240,240,240,240,240
1,0,0,0,0,0,0,1,0,0,0,0.5653709748,0.0954490342,0.0881297821,0.6456370756,0.8117888975,0.4286663203,0.6351937228,0.6592854833,0.7429618562,0.5872356699,0.655525701,0.7769148531,0.1405708205,0.1322689954,0.6921708738,0.6312115233,0.3396619134,0.7000006537,0.5115139658,0.4921124863,0.696347442,0,0,0,0,0,0,0,0,0,0,0,0,0,0,0,0,0,0,0,0,0
1,0,0,0,0,0,0,1,0,0,5,0.689191079,0.1047021106,0.0782002351,0.6166845031,0.7144533049,0.5188606502,0.5776943673,0.8424770136,0.7191908668,0.3333597197,0.6065820635,0.6801153134,0.6161784378,0.3535628168,0.7098588661,0.7631240374,0.4470501596,0.679212296,0.5381161885,0.337811187,0.568722103,5,5,5,5,5,5,5,5,5,5,5,5,5,5,5,5,5,5,5,5,5
1,0,0,0,0,0,0,1,0,0,15,0.461990677,0.0599712336,0.0497881605,0.6939618483,0.834482834,0.5555356747,0.5873550375,0.5143606858,0.5645823436,0.3109087183,0.5613134052,0.8374869066,0.2761583438,0.152493212,0.6888705606,0.4767176647,0.5946213271,0.8139601149,0.3908089664,0.3944723535,0.7379090429,15,15,15,15,15,15,15,15,15,15,15,15,15,15,15,15,15,15,15,15,15
1,0,0,0,0,0,0,1,0,0,30,0.4931041929,0.0768567766,0.0695405688,0.6998438589,0.8779853758,0.5385265516,0.5766198207,0.6104176148,0.631164187,0.3086319215,0.56861536,0.7265652766,0.243776632,0.1512634841,0.6683952311,0.6153709467,0.5439393534,0.8315840944,0.4446929068,0.3395972113,0.6781305917,30,30,30,30,30,30,30,30,30,30,30,30,30,30,30,30,30,30,30,30,30
1,0,0,0,0,0,0,1,0,0,60,0.4783983782,0.0731907164,0.0705901656,0.7702037336,0.8698167459,0.5112842194,0.5432245725,0.5577077498,0.6137135104,0.2923312547,0.5682034143,0.6849467068,0.2003387046,0.1630862761,0.6231587232,0.5883968042,0.4845730239,0.7034492382,0.3832902377,0.3729644399,0.679604385,60,60,60,60,60,60,60,60,60,60,60,60,60,60,60,60,60,60,60,60,60
1,0,0,0,0,0,0,1,0,0,120,0.5101599892,0.0862115579,0.0838727931,0.7365129145,0.9267206168,0.4526249177,0.6125272241,0.5597810937,0.5678745029,0.1662314987,0.60784983,0.6611321874,0.169889563,0.1654181307,0.4502721402,0.5066535867,0.456367042,0.7406232203,0.366472033,0.2251371606,0.7274155542,120,120,120,120,120,120,120,120,120,120,120,120,120,120,120,120,120,120,120,120,120
1,0,0,0,0,0,0,1,0,0,240,0.4427806135,0.0604549742,0.0713034282,0.6879280315,0.9120327416,0.3996117706,0.6519011506,0.4724863892,0.5024684811,0.4982838673,0.548931253,0.8179329835,0.1658944874,0.1335422147,0.4085590921,0.4669711137,0.4516666251,0.6692881554,0.3040474391,0.4758314432,0.8350579562,240,240,240,240,240,240,240,240,240,240,240,240,240,240,240,240,240,240,240,240,240
1,1,0,0,0,0,0,0,0,1,0,0.5653709748,0.0954490342,0.0881297821,0.6456370756,0.8117888975,0.4286663203,0.6351937228,0.6592854833,0.7429618562,0.5872356699,0.655525701,0.7769148531,0.1405708205,0.1322689954,0.6921708738,0.6312115233,0.3396619134,0.7000006537,0.5115139658,0.4921124863,0.696347442,0,0,0,0,0,0,0,0,0,0,0,0,0,0,0,0,0,0,0,0,0
1,1,0,0,0,0,0,0,0,1,5,0.3936387016,0.4709331177,0.4887765431,0.479276206,0.8244534329,0.5434900044,0.6737219875,0.5093249509,0.4968564936,0.4043897048,0.6804322331,0.7213791372,0.0408073216,0.173388758,0.59445529,0.30689219,0.4240167494,0.7863032204,0.3291599873,0.5506235694,0.7848750028,5,5,5,5,5,5,5,5,5,5,5,5,5,5,5,5,5,5,5,5,5
1,1,0,0,0,0,0,0,0,1,15,0.3950569961,0.4264252777,0.4193463777,0.5419101666,0.8758181711,0.5962050032,0.6415839548,0.4227872655,0.5209915391,0.3289551162,0.612188254,0.835742708,0.0475580325,0.3024589642,0.6260241303,0.2935900878,0.2533950112,0.784929837,0.2851977569,0.415733695,0.7677901414,15,15,15,15,15,15,15,15,15,15,15,15,15,15,15,15,15,15,15,15,15
1,1,0,0,0,0,0,0,0,1,30,0.4037910765,0.523842652,0.5080466206,0.5279078723,0.8866977629,0.640983069,0.7113447981,0.431090812,0.4780762125,0.3856966266,0.5512592957,0.8366176141,0.0427333928,0.3045197895,0.6189023472,0.2869574782,0.4322528986,0.8870044706,0.3400493377,0.4095594028,0.8132160102,30,30,30,30,30,30,30,30,30,30,30,30,30,30,30,30,30,30,30,30,30
1,1,0,0,0,0,0,0,0,1,60,0.3919616276,0.5106427868,0.4410089121,0.4715068033,0.9395409416,0.5807748051,0.6864652422,0.4752888298,0.4884157695,0.3519248762,0.6833157084,0.725026252,0.0404785546,0.2066788842,0.5161999325,0.2727051992,0.3124665924,0.885103609,0.335793432,0.4575884248,0.7477442288,60,60,60,60,60,60,60,60,60,60,60,60,60,60,60,60,60,60,60,60,60
1,1,0,0,0,0,0,0,0,1,120,0.4438414251,0.4130553342,0.3999931158,0.4737024716,0.8697254964,0.5145884329,0.689767957,0.461765653,0.5292092259,0.4784086001,0.6387659785,0.8211520971,0.0365730918,0.1732253264,0.5359200388,0.2541316536,0.3346640234,0.9091499531,0.3175509025,0.5090259715,0.8306569876,120,120,120,120,120,120,120,120,120,120,120,120,120,120,120,120,120,120,120,120,120
1,1,0,0,0,0,0,0,0,1,240,0.4202039439,0.3952419822,0.4014723772,0.4003135021,0.911322995,0.4704130368,0.7076562297,0.4966409995,0.5241884316,0.3453985161,0.6768373987,0.753640138,0.0327721476,0.1773664692,0.5890338043,0.2543849349,0.3517262835,0.8555826412,0.2979772579,0.4210105647,0.7897072785,240,240,240,240,240,240,240,240,240,240,240,240,240,240,240,240,240,240,240,240,240
1,0,0,0,1,0,0,0,0,1,0,0.5653709748,0.0954490342,0.0881297821,0.6456370756,0.8117888975,0.4286663203,0.6351937228,0.6592854833,0.7429618562,0.5872356699,0.655525701,0.7769148531,0.1405708205,0.1322689954,0.6921708738,0.6312115233,0.3396619134,0.7000006537,0.5115139658,0.4921124863,0.696347442,0,0,0,0,0,0,0,0,0,0,0,0,0,0,0,0,0,0,0,0,0
1,0,0,0,1,0,0,0,0,1,5,0.3870666148,0.5187200913,0.4950151132,0.4813237887,0.8796731788,0.6921492037,0.6317646153,0.5128614982,0.4843274397,0.4653900727,0.7541307575,0.7417873513,0.0376455646,0.1696055867,0.6730469686,0.3407285106,0.3275652966,0.8661205558,0.3662903223,0.5868417806,0.8023483339,5,5,5,5,5,5,5,5,5,5,5,5,5,5,5,5,5,5,5,5,5
1,0,0,0,1,0,0,0,0,1,15,0.4514128278,0.4880321164,0.5589007277,0.5105258583,0.8640840114,0.6254650351,0.5971251151,0.4545357817,0.4840253205,0.4101203047,0.6655433647,0.7821162262,0.0443268583,0.2270092288,0.6218036753,0.3279782372,0.3134285811,0.8791344655,0.3686672025,0.5512662905,0.7948918543,15,15,15,15,15,15,15,15,15,15,15,15,15,15,15,15,15,15,15,15,15
1,0,0,0,1,0,0,0,0,1,30,0.3856696172,0.5466798769,0.5241116351,0.4996920245,0.8469007102,0.5369141939,0.6864751665,0.4329688724,0.4744215211,0.4311954095,0.5809213319,0.8216583875,0.0456011754,0.2398218406,0.6511618822,0.2568836847,0.3353744727,0.8297177243,0.3500802352,0.435184786,0.8383830596,30,30,30,30,30,30,30,30,30,30,30,30,30,30,30,30,30,30,30,30,30
1,0,0,0,1,0,0,0,0,1,60,0.4672760261,0.5019554423,0.431850772,0.4883445095,0.8855361513,0.5947430229,0.665080264,0.4381642226,0.4592636044,0.4694606906,0.6623128603,0.7579695925,0.0332964537,0.1726885944,0.5524379674,0.2956111462,0.2916035487,0.7931881856,0.3406957764,0.5085456751,0.8240741431,60,60,60,60,60,60,60,60,60,60,60,60,60,60,60,60,60,60,60,60,60
1,0,0,0,1,0,0,0,0,1,120,0.4146756365,0.3921718167,0.3963043479,0.4835801451,0.8777531705,0.499242626,0.6889438967,0.4836031519,0.5118994177,0.5246916586,0.6969054852,0.8215086547,0.0352149246,0.1363430476,0.5783815871,0.2825367358,0.2904043689,0.905159242,0.3433786816,0.5623266462,0.9111970984,120,120,120,120,120,120,120,120,120,120,120,120,120,120,120,120,120,120,120,120,120
1,0,0,0,1,0,0,0,0,1,240,0.4683853944,0.3833021692,0.4375922227,0.4397428622,0.9359691006,0.5949163793,0.7018107032,0.4992999313,0.503915358,0.481242133,0.7123687969,0.8743147659,0.0291663957,0.1272022586,0.5314058921,0.2679595932,0.3494406336,0.9475558363,0.3024904026,0.6128480251,1,240,240,240,240,240,240,240,240,240,240,240,240,240,240,240,240,240,240,240,240,240
1,0,1,0,0,0,0,0,0,1,0,0.5653709748,0.0954490342,0.0881297821,0.6456370756,0.8117888975,0.4286663203,0.6351937228,0.6592854833,0.7429618562,0.5872356699,0.655525701,0.7769148531,0.1405708205,0.1322689954,0.6921708738,0.6312115233,0.3396619134,0.7000006537,0.5115139658,0.4921124863,0.696347442,0,0,0,0,0,0,0,0,0,0,0,0,0,0,0,0,0,0,0,0,0
1,0,1,0,0,0,0,0,0,1,5,0.4134452557,0.4747101745,0.4820550038,0.5149531475,0.8306162941,0.6878459491,0.6384286062,0.5281059026,0.5152161126,0.3463062042,0.6924636154,0.7117216504,0.0400893343,0.2145537027,0.6160056089,0.3680487936,0.2875056596,0.914429527,0.4168960366,0.4648500259,0.805790294,5,5,5,5,5,5,5,5,5,5,5,5,5,5,5,5,5,5,5,5,5
1,0,1,0,0,0,0,0,0,1,15,0.4050829168,0.4786267904,0.4929365938,0.4867994926,0.9158135657,0.5911589071,0.6016851346,0.4257011877,0.453837742,0.3630652143,0.6512177903,0.8442701036,0.0370387532,0.2900161471,0.5981451446,0.2571744125,0.287758923,0.887751915,0.304348807,0.4697225637,0.8327511545,15,15,15,15,15,15,15,15,15,15,15,15,15,15,15,15,15,15,15,15,15
1,0,1,0,0,0,0,0,0,1,30,0.3951097057,0.5436557368,0.480520469,0.5016186254,0.8749866909,0.606319794,0.7134817028,0.4514780629,0.4863416355,0.2322997678,0.5470154509,0.6805016578,0.0510241198,0.3998070414,0.6622345038,0.3244221192,0.2557977424,0.8115125562,0.2972390379,0.3262432125,0.6946640238,30,30,30,30,30,30,30,30,30,30,30,30,30,30,30,30,30,30,30,30,30
1,0,1,0,0,0,0,0,0,1,60,0.4560041042,0.4777892472,0.4613424321,0.5076362231,0.9721462721,0.6151155067,0.6322328067,0.4461720783,0.480154276,0.4164998974,0.5618954388,0.7496715802,0.0460804238,0.3420068473,0.5583522978,0.3123132301,0.2967611621,0.7952931778,0.367789238,0.4559502231,0.7633473215,60,60,60,60,60,60,60,60,60,60,60,60,60,60,60,60,60,60,60,60,60
1,0,1,0,0,0,0,0,0,1,120,0.4243070219,0.5030585545,0.4881605688,0.4937312454,0.8854288376,0.5885309737,0.661939236,0.5047673284,0.5230377871,0.4743637093,0.6490130035,0.9627732735,0.0485265495,0.3205703159,0.6579584202,0.3306672707,0.3303673941,0.8592722586,0.3472977076,0.5257185658,0.8651113281,120,120,120,120,120,120,120,120,120,120,120,120,120,120,120,120,120,120,120,120,120
1,0,1,0,0,0,0,0,0,1,240,0.4794677007,0.4356005938,0.4330915111,0.5116596863,0.927289445,0.6625293659,0.6622174255,0.4645293872,0.4846870093,0.4935405926,0.5900315202,0.9879069234,0.0548757665,0.3379175652,0.5552727579,0.3410345783,0.3967671202,0.9005212244,0.2465901079,0.5154033424,0.9636807217,240,240,240,240,240,240,240,240,240,240,240,240,240,240,240,240,240,240,240,240,240
1,0,0,1,0,0,0,0,0,1,0,0.5653709748,0.0954490342,0.0881297821,0.6456370756,0.8117888975,0.4286663203,0.6351937228,0.6592854833,0.7429618562,0.5872356699,0.655525701,0.7769148531,0.1405708205,0.1322689954,0.6921708738,0.6312115233,0.3396619134,0.7000006537,0.5115139658,0.4921124863,0.696347442,0,0,0,0,0,0,0,0,0,0,0,0,0,0,0,0,0,0,0,0,0
1,0,0,1,0,0,0,0,0,1,5,0.496109889,0.3978917629,0.4481918808,0.4700748162,0.8195732575,0.5793945192,0.6475865684,0.4760369216,0.5634207062,0.6056636853,0.7105160556,0.8715481656,0.0302444983,0.1714061807,0.6234325046,0.3596679085,0.3385136375,0.7542294355,0.4209650142,0.6855073002,0.7984125923,5,5,5,5,5,5,5,5,5,5,5,5,5,5,5,5,5,5,5,5,5
1,0,0,1,0,0,0,0,0,1,15,0.5380735634,0.4745073406,0.4712940218,0.4863822894,0.7853002405,0.5944507106,0.6305456898,0.4865522075,0.5091008926,0.6115205874,0.6531251622,0.8154663463,0.0360033869,0.2174175309,0.5769401634,0.3188607326,0.274465469,0.8025176062,0.4366982146,0.6218096172,0.7467556399,15,15,15,15,15,15,15,15,15,15,15,15,15,15,15,15,15,15,15,15,15
1,0,0,1,0,0,0,0,0,1,30,0.4359349737,0.4465832922,0.4596279243,0.4680643875,0.885031532,0.6422292211,0.6365356269,0.4099271575,0.4761787959,0.4106470526,0.6017523553,0.8426653271,0.0356512682,0.2632930792,0.5796920033,0.2796321826,0.3753233256,0.8313921795,0.3731693411,0.4782580232,0.8553106783,30,30,30,30,30,30,30,30,30,30,30,30,30,30,30,30,30,30,30,30,30
1,0,0,1,0,0,0,0,0,1,60,0.4916342941,0.424701713,0.4734356784,0.4972037491,0.9428883503,0.8290452531,0.6028276315,0.4406289331,0.455170949,0.4367716857,0.6199544857,0.7478336805,0.0320244212,0.1400457057,0.5335589232,0.2918445987,0.3340773255,0.7395544922,0.4312412929,0.5622756344,0.8052636372,60,60,60,60,60,60,60,60,60,60,60,60,60,60,60,60,60,60,60,60,60
1,0,0,1,0,0,0,0,0,1,120,0.5027051414,0.4254644999,0.5385412455,0.4544239841,0.894878438,0.8122557015,0.6367489377,0.5484081168,0.5390202756,0.4128452326,0.8020926977,0.8109750029,0.0335869214,0.1244240528,0.5564440357,0.3116521299,0.3302765511,0.8364065276,0.5588029112,0.5793200892,0.6798104118,120,120,120,120,120,120,120,120,120,120,120,120,120,120,120,120,120,120,120,120,120
1,0,0,1,0,0,0,0,0,1,240,0.534686263,0.3509552928,0.3868796847,0.4986275992,0.8306969005,0.7359945645,0.6695808962,0.4300487494,0.4501487908,0.4105192717,0.6763680495,0.9343740656,0.0346671262,0.1434330185,0.4584270009,0.2536417075,0.4210319679,0.8566376256,0.3361306192,0.5311430527,0.8744886972,240,240,240,240,240,240,240,240,240,240,240,240,240,240,240,240,240,240,240,240,240
1,0,0,0,0,0,0,1,0,1,0,0.5653709748,0.0954490342,0.0881297821,0.6456370756,0.8117888975,0.4286663203,0.6351937228,0.6592854833,0.7429618562,0.5872356699,0.655525701,0.7769148531,0.1405708205,0.1322689954,0.6921708738,0.6312115233,0.3396619134,0.7000006537,0.5115139658,0.4921124863,0.696347442,0,0,0,0,0,0,0,0,0,0,0,0,0,0,0,0,0,0,0,0,0
1,0,0,0,0,0,0,1,0,1,5,0.5200065549,0.4694072632,0.4855098148,0.5467818586,0.7935675714,0.5147583801,0.6672418277,0.5927752975,0.5549689984,0.5576122514,0.6825287065,0.9771844928,0.0393568672,0.2593822262,0.6678694124,0.3894419697,0.3988783435,0.7094696869,0.4434937025,0.5817456642,0.7981087321,5,5,5,5,5,5,5,5,5,5,5,5,5,5,5,5,5,5,5,5,5
1,0,0,0,0,0,0,1,0,1,15,0.5247001795,0.4236289076,0.4036029872,0.5508418887,0.8330837452,0.6368577036,0.5708159947,0.4253753742,0.4690496391,0.5632797117,0.6351337633,0.9900937895,0.0526425275,0.4316825458,0.3551840493,0.3938671608,0.3249581295,0.6207091191,0.3259106212,0.6272336276,0.8182595406,15,15,15,15,15,15,15,15,15,15,15,15,15,15,15,15,15,15,15,15,15
1,0,0,0,0,0,0,1,0,1,30,0.6152117611,0.5234396205,0.5268840641,0.5642957139,0.8521932999,0.5049034543,0.5386300981,0.4558514845,0.4912672938,0.5952071452,0.6712396699,0.872556764,0.0694746386,0.4819766611,0.3816662864,0.4419654743,0.3178009151,0.561471401,0.348052563,0.559435397,0.7303499167,30,30,30,30,30,30,30,30,30,30,30,30,30,30,30,30,30,30,30,30,30
1,0,0,0,0,0,0,1,0,1,60,0.5210258977,0.3775743,0.4435269389,0.5731735202,0.909481599,0.8689244852,0.6064125583,0.4821041064,0.4810097229,0.5757850042,0.6659309721,0.8533286177,0.0546967677,0.2856657934,0.5950550376,0.4084550761,0.370958149,0.7450035819,0.3485322099,0.5800761683,0.8461070334,60,60,60,60,60,60,60,60,60,60,60,60,60,60,60,60,60,60,60,60,60
1,0,0,0,0,0,0,1,0,1,120,0.5140195698,0.3001197072,0.3871415409,0.5057544055,0.8836329527,0.7820398183,0.6203470787,0.5126926758,0.5190933915,0.3484196501,0.7587039848,0.7786177021,0.0421846075,0.199992514,0.5876869885,0.4147488046,0.38147695,0.7661278143,0.4631431391,0.5257325562,0.7621923041,120,120,120,120,120,120,120,120,120,120,120,120,120,120,120,120,120,120,120,120,120
1,0,0,0,0,0,0,1,0,1,240,0.5136449624,0.3156227656,0.3392290786,0.554355159,0.8646075221,0.7167066488,0.653648758,0.429679563,0.4512504877,0.3624923373,0.6162780373,1,0.0510142849,0.205674634,0.5520871489,0.3962798667,0.438162447,0.8063170039,0.2935959184,0.5646624471,0.8994084397,240,240,240,240,240,240,240,240,240,240,240,240,240,240,240,240,240,240,240,240,240
